title,genre,premiere,seasons,length,status,upcoming,table
House of Cards,Political drama,"February 1, 2013","6 seasons, 73 episodes",42–59 min.,Ended[1],,0
Hemlock Grove,Horror/thriller,"April 19, 2013","3 seasons, 33 episodes",45–58 min.,Ended[2],,0
Orange Is the New Black,Comedy-drama,"July 11, 2013","7 seasons, 91 episodes",50–92 min.,Ended[3],,0
Marco Polo,Historical drama,"December 12, 2014","2 seasons, 20 episodes",48–65 min.,Ended[4],,0
Bloodline,Thriller,"March 20, 2015","3 seasons, 33 episodes",48–68 min.,Ended[5],,0
Sense8,Science fiction,"June 5, 2015","2 seasons, 24 episodes",45–152 min.,Ended[6],,0
Narcos,Crime drama,"August 28, 2015","3 seasons, 30 episodes",43–60 min.,Ended[7],,0
Stranger Things,Science fiction/horror,"July 15, 2016","3 seasons, 25 episodes",42–78 min.,Renewed[8],,0
The Get Down,Musical drama,"August 12, 2016","2 parts, 11 episodes",50–93 min.,Ended[9],,0
The Crown,Historical drama,"November 4, 2016","2 seasons, 20 episodes",54–61 min.,"Season 3 due to premiere on November 17, 2019[10] Renewed[11]",,0
Gilmore Girls: A Year in the Life,Family drama,"November 25, 2016",4 episodes,88–102 min.,Miniseries,,0
The OA,Mystery,"December 16, 2016","2 parts, 16 episodes",31–71 min.,Ended[12],,0
A Series of Unfortunate Events,Black-comedy mystery,"January 13, 2017","3 seasons, 25 episodes",36–64 min.,Ended[13],,0
13 Reasons Why,Teen drama/mystery,"March 31, 2017","3 seasons, 39 episodes",49–71 min.,Renewed for final season[14],,0
Gypsy,Psychological thriller,"June 30, 2017","1 season, 10 episodes",46–58 min.,Ended[15],,0
Ozark,Crime drama,"July 21, 2017","2 seasons, 20 episodes",52–80 min.,Renewed[16],,0
Mindhunter,Crime drama,"October 13, 2017","2 seasons, 19 episodes",34–73 min.,Pending,,0
Godless,Western,"November 22, 2017",7 episodes,41–80 min.,Miniseries,,0
Altered Carbon,Science fiction,"February 2, 2018","1 season, 10 episodes",46–66 min.,Renewed[17],,0
Seven Seconds,Crime drama,"February 23, 2018","1 season, 10 episodes",54–80 min.,Ended[18],,0
Lost in Space,Science fiction,"April 13, 2018","1 season, 10 episodes",48–66 min.,"Season 2 due to premiere on December 24, 2019[19]",,0
The Innocents,Supernatural fiction,"August 24, 2018","1 season, 8 episodes",46–56 min.,Ended,,0
The Haunting,Horror anthology,"October 12, 2018","1 season, 10 episodes",43–71 min.,Renewed[20],,0
Chilling Adventures of Sabrina,Supernatural coming-of-age horror,"October 26, 2018","2 parts, 20 episodes",50–64 min.,Renewed for parts 3 and 4[21],,0
Narcos: Mexico,Crime drama,"November 16, 2018","1 season, 10 episodes",55–70 min.,Renewed[22],,0
Tidelands,Supernatural crime drama,"December 14, 2018","1 season, 8 episodes",36–48 min.,Pending,,0
The Umbrella Academy,Superhero action,"February 15, 2019","1 season, 10 episodes",45–60 min.,Renewed[23],,0
The Order,Supernatural horror drama,"March 7, 2019","1 season, 10 episodes",42–51 min.,Renewed[24],,0
Shadow,Thriller,"March 8, 2019","1 season, 8 episodes",40–49 min.,Pending,,0
Black Summer,Zombie drama,"April 11, 2019","1 season, 8 episodes",21–45 min.,Pending,,0
Chambers,Teen psychological thriller,"April 26, 2019","1 season, 10 episodes",38–51 min.,Ended[25],,0
The Society,Mystery drama,"May 10, 2019","1 season, 10 episodes",49–61 min.,Renewed[26],,0
What/If,Social thriller anthology,"May 24, 2019","1 part, 10 episodes",44–58 min.,Pending,,0
When They See Us,Drama,"May 31, 2019",4 episodes,64–88 min.,Miniseries,,0
Trinkets,Coming-of-age drama,"June 14, 2019","1 season, 10 episodes",22–29 min.,Renewed for final season[27],,0
Another Life,Science-fiction,"July 25, 2019","1 season, 10 episodes",37–61 min.,Pending,,0
Wu Assassins,Supernatural martial arts drama,"August 8, 2019","1 season, 10 episodes",40–51 min.,Pending,,0
The Dark Crystal: Age of Resistance,Fantasy,"August 30, 2019","1 season, 10 episodes",47–61 min.,Pending,,0
The I-Land,Science fiction thriller,"September 12, 2019",7 episodes,37–43 min.,Miniseries,,0
Unbelievable,Drama,"September 13, 2019",8 episodes,44–59 min.,Miniseries,,0
Criminal: UK,Police procedural anthology series,"September 20, 2019","1 season, 3 episodes",43–44 min.,Pending,,0
Raising Dion,Science-fiction drama,"October 4, 2019","1 season, 9 episodes",39–51 min.,Pending,,0
,,,,,,,0
Dolly Parton's Heartstrings[28],Anthology series,"November 22, 2019[29]","1 season, 8 episodes",TBA,Pending,,0
Daredevil,Crime drama/legal drama,"April 10, 2015","3 seasons, 39 episodes",46–61 min.,Ended[30],,1
Jessica Jones,Neo-noir/psychological thriller,"November 20, 2015","3 seasons, 39 episodes",44–56 min.,Ended[31],,1
Luke Cage,Neo-blaxploitation/neo-western,"September 30, 2016","2 seasons, 26 episodes",46–69 min.,Ended[32],,1
Iron Fist,Martial arts/business drama,"March 17, 2017","2 seasons, 23 episodes",49–61 min.,Ended[33],,1
The Defenders,Superhero action/drama,"August 18, 2017",8 episodes,44–57 min.,Miniseries,,1
The Punisher,Crime drama/conspiracy thriller,"November 17, 2017","2 seasons, 26 episodes",47–58 min.,Ended[31],,1
Unbreakable Kimmy Schmidt,Comedy,"March 6, 2015","4 seasons, 51 episodes",23–53 min.,Ended[34],,2
Grace and Frankie,Comedy-drama,"May 8, 2015","5 seasons, 65 episodes",25–35 min.,Renewed for seasons 6 and 7[35],,2
Wet Hot American Summer: First Day of Camp,Satirical comedy,"July 31, 2015",8 episodes,27–30 min.,Miniseries,,2
Master of None,Comedy,"November 6, 2015","2 seasons, 20 episodes",21–57 min.,Ended,,2
W/ Bob & David,Sketch comedy,"November 13, 2015","1 season, 5 episodes",27–33 min.,Ended,,2
Love,Romantic comedy,"February 19, 2016","3 seasons, 34 episodes",24–40 min.,Ended[36],,2
Fuller House,Sitcom,"February 26, 2016","4 seasons, 57 episodes",24–36 min.,Renewed for final season[37],,2
Flaked,Comedy,"March 11, 2016","2 seasons, 14 episodes",30–34 min.,Ended[38],,2
Netflix Presents: The Characters,Sketch comedy,"March 11, 2016","1 season, 8 episodes",27–38 min.,Ended[39],,2
The Ranch,Sitcom,"April 1, 2016","7 parts, 70 episodes",25–36 min.,Renewed for final part[40],,2
Lady Dynamite,Comedy,"May 20, 2016","2 seasons, 20 episodes",26–36 min.,Ended[41],,2
Easy,Romantic comedy anthology,"September 22, 2016","3 seasons, 25 episodes",26–52 min.,Ended[42],,2
Haters Back Off,Comedy,"October 14, 2016","2 seasons, 16 episodes",24–36 min.,Ended[43],,2
Trailer Park Boys Out of the Park: Europe,Mockumentary,"October 28, 2016","1 season, 8 episodes",22–30 min.,Ended,,2
One Day at a Time,Sitcom,"January 6, 2017","3 seasons, 39 episodes",25–35 min.,Ended[a][44],,2
Santa Clarita Diet,Comedy-horror,"February 3, 2017","3 seasons, 30 episodes",26–35 min.,Ended[45],,2
Mystery Science Theater 3000: The Return,Comic science fiction,"April 14, 2017","2 seasons, 20 episodes",86–94 min.,Ended,,2
Girlboss,Comedy,"April 21, 2017","1 season, 13 episodes",24–29 min.,Ended[46],,2
Dear White People,Satire/Drama,"April 28, 2017","3 volumes, 30 episodes",21–36 min.,Renewed for final season[47],,2
GLOW,Comedy,"June 23, 2017","3 seasons, 30 episodes",27–46 min.,Renewed for final season[48],,2
Friends from College,Comedy,"July 14, 2017","2 seasons, 16 episodes",26–34 min.,Ended[49],,2
Wet Hot American Summer: Ten Years Later,Satirical comedy,"August 4, 2017",8 episodes,24–31 min.,Miniseries,,2
Atypical,Coming-of-age comedy,"August 11, 2017","2 seasons, 18 episodes",26–38 min.,"Season 3 due to premiere on November 1, 2019[50]",,2
Disjointed,Comedy,"August 25, 2017","2 parts, 20 episodes",23–32 min.,Ended[51],,2
American Vandal,Mockumentary,"September 15, 2017","2 seasons, 16 episodes",26–42 min.,Ended[52],,2
She's Gotta Have It,Comedy-drama,"November 23, 2017","2 seasons, 19 episodes",32–38 min.,Ended[53],,2
Trailer Park Boys Out of the Park: USA,Mockumentary,"November 24, 2017","1 season, 8 episodes",23–35 min.,Ended,,2
Everything Sucks!,Coming-of-age comedy,"February 16, 2018","1 season, 10 episodes",23–27 min.,Ended[54],,2
On My Block,Coming-of-age comedy,"March 16, 2018","2 seasons, 20 episodes",23–32 min.,Renewed[55],,2
All About the Washingtons,Comedy,"August 10, 2018","1 season, 10 episodes",22–27 min.,Ended[56],,2
Insatiable,Dark comedy-drama,"August 10, 2018","2 seasons, 22 episodes",40–53 min.,Pending,,2
The Good Cop,Police procedural comedy-drama,"September 21, 2018","1 season, 10 episodes",43–49 min.,Ended[57],,2
Maniac,Dark comedy,"September 21, 2018",10 episodes,27–47 min.,Miniseries,,2
The Kominsky Method,Comedy,"November 16, 2018","1 season, 8 episodes",23–34 min.,"Season 2 due to premiere on October 25, 2019[58]",,2
Sex Education,Coming-of-age comedy-drama,"January 11, 2019","1 season, 8 episodes",47–53 min.,Renewed[59],,2
Russian Doll,Comedy,"February 1, 2019","1 season, 8 episodes",25–30 min.,Renewed[60],,2
After Life,Comedy,"March 8, 2019","1 season, 6 episodes",25–31 min.,Renewed[61],,2
Turn Up Charlie,Comedy,"March 15, 2019","1 season, 8 episodes",25–29 min.,Pending,,2
Huge in France,Comedy,"April 12, 2019","1 season, 8 episodes",28–34 min.,Pending,,2
Special,Comedy,"April 12, 2019","1 season, 8 episodes",12–17 min.,Pending,,2
Lunatics,Comedy,"April 19, 2019","1 season, 10 episodes",33–38 min.,Pending,,2
I Think You Should Leave with Tim Robinson,Sketch comedy,"April 23, 2019","1 season, 6 episodes",16–18 min.,Renewed[62],,2
Bonding,Dark comedy,"April 24, 2019","1 season, 7 episodes",13–17 min.,Pending,,2
Dead to Me,Dark comedy-drama,"May 3, 2019","1 season, 10 episodes",26–33 min.,Renewed[63],,2
It's Bruno!,Comedy,"May 17, 2019","1 season, 8 episodes",12–21 min.,Pending,,2
Mr. Iglesias,Comedy,"June 21, 2019","1 season, 10 episodes",26–31 min.,Renewed[64],,2
Family Reunion,Comedy,"July 10, 2019","1 season, 10 episodes",25–34 min.,Renewed[65],,2
The Politician,Comedy,"September 27, 2019","1 season, 8 episodes",28–62 min.,Renewed[66],,2
Living with Yourself,Comedy-drama,"October 18, 2019","1 season, 8 episodes",22–36 min.,Pending,,2
,,,,,,,2
Daybreak[67],Dark comedy,"October 24, 2019[68]","1 season, 10 episodes",TBA,Pending,,2
Merry Happy Whatever[69],Comedy,"November 28, 2019[70]","1 season, 8 episodes",TBA,Pending,,2
BoJack Horseman,Black comedy-drama,"August 22, 2014","5 seasons, 61 episodes",25–26 min.,"Renewed for final season. Part 1 due to premiere on October 25, 2019, part 2 due to premiere on January 31, 2020[71]",,3
F Is for Family,Sitcom,"December 18, 2015","3 seasons, 26 episodes",25–28 min.,Renewed[72],,3
Big Mouth,Coming-of-age comedy,"September 29, 2017","3 seasons, 31 episodes",25–46 min.,"Renewed for seasons 4, 5 and 6[73]",,3
Disenchantment,Medieval fantasy comedy,"August 17, 2018","2 parts, 20 episodes",22–36 min.,Renewed for parts 3 and 4[74],,3
Paradise PD,Comedy,"August 31, 2018","1 part, 10 episodes",27–30 min.,Renewed[75],,3
Super Drags,Superhero-LGBT comedy,"November 9, 2018","1 season, 5 episodes",23–26 min.,Ended[76],,3
"Love, Death & Robots",Anthology,"March 15, 2019","1 volume, 18 episodes",6–17 min.,Renewed[77],,3
Trailer Park Boys: The Animated Series,Mockumentary,"March 31, 2019","1 season, 10 episodes",24–25 min.,Ended,,3
Tuca & Bertie,Comedy,"May 3, 2019","1 season, 10 episodes",25–26 min.,Ended[78],,3
Castlevania,Dark fantasy,"July 7, 2017","2 seasons, 12 episodes",23–29 min.,Renewed[79],,4
Neo Yokio,Science fantasy comedy,"September 22, 2017","2 seasons, 7 episodes",20–65 min.,Ended,,4
Devilman Crybaby,Supernatural horror,"January 5, 2018",10 episodes,24–28 min.,Miniseries,,4
B: The Beginning,Suspense,"March 2, 2018","1 season, 12 episodes",25–27 min.,Renewed[80],,4
A.I.C.O. -Incarnation-,Science fiction,"March 9, 2018","1 season, 12 episodes",25–29 min.,Ended,,4
Sword Gai: The Animation,Supernatural,"March 23, 2018","2 seasons, 24 episodes",22–23 min.,Ended,,4
Lost Song,Musical fantasy,"March 31, 2018","1 season, 12 episodes",23–24 min.,Ended,,4
Aggretsuko,Comedy,"April 20, 2018","2 seasons, 20 episodes",15–20 min.,Renewed[81],,4
Baki,Martial arts,"June 25, 2018","2 parts, 26 episodes",23–24 min.,Renewed[82],,4
Hero Mask,Crime,"December 3, 2018","2 seasons, 24 episodes",25 min.,Pending,,4
Ultraman,Science fiction,"April 1, 2019","1 season, 13 episodes",23–25 min.,Renewed[83],,4
Rilakkuma and Kaoru,Stop motion slice of life,"April 19, 2019","1 season, 13 episodes",11–14 min.,Pending,,4
7SEEDS,Science fiction,"June 28, 2019","1 season, 12 episodes",24–26 min.,Renewed[84],,4
Knights of the Zodiac: Saint Seiya,Action,"July 19, 2019","1 season, 6 episodes",23 min.,Pending,,4
Kengan Ashura,Action,"July 31, 2019","1 part, 12 episodes",24–27 min.,"Part 2 due to premiere on October 31, 2019.[85]",,4
Cannon Busters,Fantasy,"August 15, 2019","1 season, 12 episodes",24–27 min.,Pending,,4
Seis Manos,Action/Supernatural,"October 3, 2019","1 season, 8 episodes",25–28 min.,Pending,,4
Ever After High,,"May 30, 2013","5 seasons, 17 episodes",23–47 min.,Ended[86],,5
Turbo Fast,,"December 24, 2013","3 seasons, 52 episodes",23 min.,Ended[87],,5
VeggieTales in the House,,"November 26, 2014","4 seasons, 52 episodes",23 min.,Ended[88],,5
All Hail King Julien,,"December 19, 2014","5 seasons, 65 episodes",23 min.,Ended[89],,5
The Adventures of Puss in Boots,,"January 16, 2015","6 seasons, 78 episodes",22–24 min.,Ended[90],,5
Dragons: Race to the Edge,,"June 26, 2015","6 seasons, 78 episodes",22–23 min.,Ended[91],,5
Dinotrux,,"August 14, 2015","5 seasons, 52 episodes",23 min.,Ended,,5
The Mr. Peabody & Sherman Show,,"October 9, 2015","4 seasons, 52 episodes",23 min.,Ended[92],,5
Popples,,"October 30, 2015","3 seasons, 26 episodes",24 min.,Ended,,5
Care Bears and Cousins,,"November 6, 2015","2 seasons, 12 episodes",22 min.,Ended,,5
Dawn of the Croods,,"December 24, 2015","4 seasons, 52 episodes",23 min.,Ended[93],,5
Lego Bionicle: The Journey to One,,"March 4, 2016","2 seasons, 5 episodes",22 min.,Ended,,5
Lego Friends: The Power of Friendship,,"March 4, 2016","2 seasons, 4 episodes",22 min.,Ended,,5
Kong: King of the Apes,,"April 15, 2016","2 seasons, 23 episodes",22–85 min.,Ended[94],,5
Voltron: Legendary Defender,,"June 10, 2016","8 seasons, 78 episodes",23–68 min.,Ended[95],,5
Justin Time GO!,,"June 24, 2016","1 season, 13 episodes",22 min.,Ended,,5
Word Party,,"July 8, 2016","3 seasons, 40 episodes",13 min.,Renewed[96],,5
Home: Adventures with Tip & Oh,,"July 29, 2016","4 seasons, 52 episodes",22–24 min.,Ended,,5
Ask the StoryBots,,"August 12, 2016","3 seasons, 22 episodes",20–29 min.,Pending,,5
Kulipari: An Army of Frogs,,"September 2, 2016","1 season, 13 episodes",22–23 min.,Ended,,5
Skylanders Academy,,"October 28, 2016","3 seasons, 38 episodes",24–44 min.,Ended [97],,5
World of Winx,,"November 4, 2016","2 seasons, 26 episodes",24 min.,Ended,,5
Luna Petunia,,"December 9, 2016","3 seasons, 22 episodes",23–24 min.,Ended,,5
Trollhunters: Tales of Arcadia,,"December 23, 2016","3 parts, 52 episodes",23 min.,Ended[98],,5
Edgar Rice Burroughs' Tarzan and Jane,,"January 6, 2017","2 seasons, 13 episodes",22 min.,Ended[94],,5
We're Lalaloopsy,,"January 10, 2017","1 season, 13 episodes",22 min.,Ended,,5
VeggieTales in the City,,"February 24, 2017","2 seasons, 26 episodes",23 min.,Ended,,5
Legend Quest,,"February 24, 2017","1 season, 13 episodes",22 min.,Ended,,5
Buddy Thunderstruck,,"March 10, 2017","1 season, 12 episodes",13–24 min.,Ended,,5
Spirit Riding Free,,"May 5, 2017","8 seasons, 52 episodes",23 min.,Pending,,5
All Hail King Julien: Exiled,,"May 12, 2017","1 season, 13 episodes",23 min.,Ended,,5
True and the Rainbow Kingdom,,"August 11, 2017","3 seasons, 19 episodes",24 min.,Pending,,5
Lego Elves: Secrets of Elvendale,,"September 1, 2017","1 season, 8 episodes",24–25 min.,Ended,,5
The Magic School Bus Rides Again,,"September 29, 2017","2 seasons, 26 episodes",25 min.,Ended,,5
Super Monsters,,"October 13, 2017","3 seasons, 22 episodes",22–24 min.,Pending,,5
Dinotrux Supercharged,,"November 10, 2017","3 seasons, 26 episodes",24 min.,Ended,,5
Stretch Armstrong and the Flex Fighters,,"November 17, 2017","2 seasons, 23 episodes",23 min.,Ended,,5
Trolls: The Beat Goes On!,,"January 19, 2018","7 seasons, 45 episodes",24–25 min.,Pending,,5
Llama Llama,,"January 26, 2018","1 season, 15 episodes",24 min.,"Season 2 due to premiere on November 15, 2019[99]",,5
Luna Petunia: Return to Amazia,,"February 2, 2018","2 seasons, 11 episodes",24 min.,Ended,,5
The Boss Baby: Back in Business,,"April 6, 2018","2 seasons, 26 episodes",24 min.,Pending,,5
Spy Kids: Mission Critical,,"April 20, 2018","2 seasons, 20 episodes",23–25 min.,Pending,,5
The Hollow,,"June 8, 2018","1 season, 10 episodes",24 min.,Renewed[100],,5
True: Magical Friends,,"June 15, 2018","1 season, 5 episodes",24 min.,Ended,,5
True: Wonderful Wishes,,"June 15, 2018","1 season, 5 episodes",24 min.,Ended,,5
Harvey Girls Forever!,,"June 29, 2018","2 seasons, 26 episodes",24 min.,"Season 3 due to premiere on November 12, 2019[101]",,5
The Epic Tales of Captain Underpants,,"July 13, 2018","3 seasons, 39 episodes",24 min.,Pending,,5
Cupcake & Dino: General Services,,"July 27, 2018","2 seasons, 26 episodes",22–23 min.,Pending,,5
The Dragon Prince,,"September 14, 2018","2 seasons, 18 episodes",25–27 min.,"Season 3 due to premiere on November 22, 2019[102]",,5
Hilda,,"September 21, 2018","1 season, 13 episodes",24 min.,Renewed[103],,5
Larva Island,,"October 19, 2018","2 seasons, 26 episodes",8 min.,Pending,,5
She-Ra and the Princesses of Power,,"November 13, 2018","3 seasons, 26 episodes",24 min.,"Season 4 due to premiere on November 5, 2019[104]",,5
Kulipari: Dream Walker,,"November 20, 2018","1 season, 10 episodes",23 min.,Ended,,5
Motown Magic,,"November 20, 2018","2 seasons, 51 episodes",15–26 min.,Pending,,5
3Below: Tales of Arcadia,,"December 21, 2018","2 parts, 26 episodes",23–24 min.,Ended[105],,5
Pinky Malinky,,"January 1, 2019","3 parts, 59 episodes",12–23 min.,Pending,,5
Carmen Sandiego,,"January 18, 2019","2 seasons, 19 episodes",23–33 min.,Pending,,5
YooHoo to the Rescue,,"March 15, 2019","2 seasons, 39 episodes",13–14 min.,Pending,,5
Charlie's Colorforms City,,"March 22, 2019","1 season, 13 episodes",25 min.,Pending,,5
Mighty Little Bheem,,"April 12, 2019","2 seasons, 49 episodes",6–7 min.,Pending,,5
Super Monsters Monster Pets,,"June 7, 2019","1 season, 5 episodes",9–12 min.,Pending,,5
Twelve Forever,,"July 29, 2019","1 season, 25 episodes",14–24 min.,Pending,,5
Spirit Riding Free: Pony Tales,,"August 9, 2019","2 seasons, 10 episodes",4–24 min.,Pending,,5
Archibald's Next Big Thing,,"September 6, 2019","1 season, 13 episodes",24 min.,Pending,,5
The Last Kids on Earth,,"September 17, 2019","1 season, 1 episode",68 min.,Renewed[106],,5
Dragons: Rescue Riders,,"September 27, 2019","1 season, 14 episodes",24 min.,Pending,,5
Legend Quest: Masters of Myth,,"October 5, 2019","1 season, 13 episodes",24 min.,Pending,,5
Mighty Little Bheem: Diwali,,"October 18, 2019","1 season, 3 episodes",6–7 min.,Pending,,5
,,,,,,,5
Hello Ninja[107],,"November 1, 2019",TBA,TBA,Pending,,5
Green Eggs and Ham[108],,"November 8, 2019[109]",TBA,TBA,Pending,,5
Dance & Sing with True,,"May 18, 2018","1 season, 11 episodes",2 min.,Ended,,6
Super Monsters Monster Party,,"September 14, 2018","1 season, 4 episodes",2 min.,Ended,,6
True Tunes,,"July 12, 2019","1 collection, 8 episodes",3 min.,Pending,,6
Richie Rich,Sitcom,"February 20, 2015","2 seasons, 21 episodes",21–23 min.,Ended[110],,7
Project Mc2,Comedy,"August 7, 2015","6 parts, 26 episodes",22–34 min.,Ended,,7
Julie's Greenroom,Educational,"March 17, 2017","1 season, 13 episodes",27–34 min.,Ended,,7
Free Rein,Teen drama,"June 22, 2017","3 seasons, 30 episodes",25–34 min.,Pending,,7
Greenhouse Academy,Science fiction/teen drama,"September 8, 2017","2 seasons, 24 episodes",21–28 min.,"Season 3 due to premiere on October 25, 2019[111]. Renewed for season 4[112]",,7
Alexa & Katie,Sitcom,"March 23, 2018","2 seasons, 23 episodes",22–30 min.,Renewed[113],,7
The Who Was? Show,Educational,"May 11, 2018","1 season, 13 episodes",23–27 min.,Ended,,7
The Ponysitters Club,Drama,"August 10, 2018","2 seasons, 20 episodes",23 min.,Pending,,7
Best.Worst.Weekend.Ever.,Comedy,"October 19, 2018",8 episodes,22–28 min.,Miniseries,,7
Brainchild,Educational,"November 2, 2018","1 season, 13 episodes",22–25 min.,Pending,,7
Prince of Peoria,Sitcom,"November 16, 2018","2 parts, 16 episodes",24–28 min.,Pending,,7
No Good Nick,Sitcom,"April 15, 2019","2 parts, 20 episodes",26–32 min.,Ended[114],,7
Malibu Rescue: The Series,Comedy,"June 3, 2019","1 season, 8 episodes",22–26 min.,Renewed[115],,7
Team Kaylie,Sitcom,"September 23, 2019","1 part, 5 episodes",27-30 min.,Renewed,,7
Club de Cuervos,Comedy-drama,"August 7, 2015","4 seasons, 45 episodes",36–94 min.,Ended[116],,8
Marseille,Political drama,"May 5, 2016","2 seasons, 16 episodes",35–53 min.,Ended[117],,8
Estocolmo,Crime drama,"November 11, 2016","1 season, 13 episodes",37–49 min.,Ended,,8
3%,Science fiction,"November 25, 2016","3 seasons, 26 episodes",38–51 min.,Renewed for final season[118],,8
Ingobernable,Political drama,"March 24, 2017","2 seasons, 27 episodes",32–50 min.,Ended,,8
Cable Girls,Period drama,"April 28, 2017","4 seasons, 32 episodes",38–63 min.,Pending,,8
My Only Love Song,Comedy,"June 9, 2017","1 season, 20 episodes",27–30 min.,Ended,,8
Suburra: Blood on Rome,Crime drama,"October 6, 2017","2 seasons, 18 episodes",42–62 min.,Renewed[119],,8
Blazing Transfer Student,Action comedy,"November 10, 2017","1 season, 8 episodes",23–28 min.,Ended,,8
Dark,Science fiction,"December 1, 2017","2 seasons, 18 episodes",45–61 min.,Renewed for final season[120],,8
Edha,Drama,"March 16, 2018","1 season, 10 episodes",38–43 min.,Ended,,8
The Mechanism,Crime drama,"March 23, 2018","2 seasons, 16 episodes",39–55 min.,Pending,,8
The Rain,Post-apocalyptic drama,"May 4, 2018","2 seasons, 14 episodes",36–49 min.,Renewed for final season[121],,8
Club de Cuervos Presents: The Ballad of Hugo Sánchez,Comedy,"June 17, 2018","1 season, 6 episodes",29–37 min.,Ended,,8
Sacred Games,Drama,"July 6, 2018","2 seasons, 16 episodes",43–58 min.,Pending,,8
Samantha!,Comedy,"July 6, 2018","2 seasons, 14 episodes",25–37 min.,Pending,,8
Jimmy: The True Story of a True Idiot,Comedy,"July 20, 2018","1 season, 9 episodes",39–64 min.,Ended,,8
Switched,Science fiction,"August 1, 2018","1 season, 6 episodes",33–44 min.,Ended,,8
The House of Flowers,Comedy,"August 10, 2018","2 seasons, 22 episodes",27–40 min.,Renewed[122],,8
Ghoul,Horror,"August 24, 2018",3 episodes,44–50 min.,Miniseries,,8
YG Future Strategy Office,Comedy,"October 5, 2018","1 season, 8 episodes",20–29 min.,Ended,,8
Élite,Crime teen drama,"October 5, 2018","2 seasons, 16 episodes",47–56 min.,Renewed[123],,8
Wild District,Crime drama,"October 19, 2018","1 season, 10 episodes",40–48 min.,Renewed[124],,8
1983,Spy thriller,"November 30, 2018","1 season, 8 episodes",50–63 min.,Renewed[125],,8
Baby,Drama,"November 30, 2018","2 seasons, 12 episodes",40–51 min.,Pending,,8
Dogs of Berlin,Drama,"December 7, 2018","1 season, 10 episodes",51–62 min.,Pending,,8
The Hook Up Plan,Romantic comedy,"December 7, 2018","2 seasons, 14 episodes",22–29 min.,Pending,,8
The Protector,Supernatural mystery,"December 14, 2018","2 seasons, 18 episodes",31–51 min.,Renewed for seasons 3 and 4[126],,8
Diablero,Horror fantasy thriller,"December 21, 2018","1 season, 8 episodes",36–44 min.,Renewed[127],,8
Selection Day,Drama,"December 28, 2018","1 season, 12 episodes",19–28 min.,Pending,,8
Kingdom,Fantasy,"January 25, 2019","1 season, 6 episodes",44–57 min.,Renewed[128],,8
Always a Witch,Supernatural drama,"February 1, 2019","1 season, 10 episodes",39–43 min.,Renewed[129],,8
Go! Live Your Way,Musical,"February 22, 2019","2 seasons, 30 episodes",36–44 min.,Pending,,8
Delhi Crime,Police procedural,"March 22, 2019","1 season, 7 episodes",45–64 min.,Renewed[130],,8
Most Beautiful Thing,Period drama,"March 22, 2019","1 season, 7 episodes",35–56 min.,Renewed[131],,8
Crime Diaries: The Candidate,Crime anthology series,"March 22, 2019",8 episodes,32–48 min.,Miniseries,,8
Osmosis,Science fiction/drama,"March 29, 2019","1 season, 8 episodes",41–45 min.,Pending,,8
Quicksand,Crime drama,"April 5, 2019","1 season, 6 episodes",41–49 min.,Ended,,8
Persona,Drama anthology series,"April 11, 2019","1 season, 4 episodes",19–27 min.,Renewed[132],,8
My First First Love,Romantic comedy,"April 18, 2019","2 seasons, 16 episodes",42–56 min.,Pending,,8
Crime Diaries: Night Out,Crime anthology series,"May 3, 2019",8 episodes,38–48 min.,Miniseries,,8
High Seas,Mystery period drama,"May 24, 2019","1 season, 8 episodes",39–49 min.,"Season 2 due to premiere on November 22, 2019[133]",,8
How to Sell Drugs Online (Fast),Dark comedy,"May 31, 2019","1 season, 6 episodes",24–32 min.,Renewed[134],,8
Jinn,Fantasy adventure,"June 13, 2019","1 season, 5 episodes",25–47 min.,Pending,,8
Yankee,Drama,"June 14, 2019","1 season, 25 episodes",36–44 min.,Pending,,8
Leila,Drama,"June 14, 2019","1 season, 6 episodes",40–54 min.,Pending,,8
Family Business,Comedy,"June 28, 2019","1 season, 6 episodes",28–31 min.,Renewed[135],,8
The Chosen One,Thriller drama,"June 28, 2019","1 season, 6 episodes",41–54 min.,Renewed[136],,8
Typewriter,Horror,"July 19, 2019","1 season, 5 episodes",43–52 min.,Pending,,8
Dollar,Thriller,"August 8, 2019","1 season, 15 episodes",39–45 min.,Pending,,8
The Naked Director,Period drama comedy,"August 8, 2019","1 season, 8 episodes",39–54 min.,Renewed[137],,8
Sintonia,Drama,"August 9, 2019","1 season, 6 episodes",37–47 min.,Pending,,8
Green Frontier,Crime drama/thriller,"August 16, 2019",8 episodes,30–48 min.,Miniseries,,8
Love Alarm,Romantic comedy,"August 22, 2019","1 season, 8 episodes",42–56 min.,Pending,,8
Marianne,Horror drama,"September 13, 2019","1 season, 8 episodes",37–52 min.,Pending,,8
Monarca,Family drama,"September 13, 2019","1 season, 10 episodes",40–49 min.,Pending,,8
Criminal: France,Police procedural anthology series,"September 20, 2019","1 season, 3 episodes",38–43 min.,Pending,,8
Criminal: Germany,Police procedural anthology series,"September 20, 2019","1 season, 3 episodes",41–46 min.,Pending,,8
Criminal: Spain,Police procedural anthology series,"September 20, 2019","1 season, 3 episodes",39–41 min.,Pending,,8
Bard of Blood,Espionage thriller,"September 27, 2019","1 season, 7 episodes",41–50 min.,Pending,,8
Skylines,Drama,"September 27, 2019","1 season, 6 episodes",47–66 min.,Pending,,8
,,,,,,,8
Brotherhood,Crime drama,"October 25, 2019[138]","1 season, 8 episodes",TBA,Pending,,8
Nowhere Man[139],Thriller,"October 31, 2019",TBA,TBA,Pending,,8
Hache[140],Thriller,"November 1, 2019[141]",TBA,TBA,Pending,,8
We Are the Wave,Drama,"November 1, 2019[142]","1 season, 6 episodes",TBA,Pending,,8
El club[143],Drama,"November 15, 2019[144]",TBA,TBA,Pending,,8
The Stranded[145],Fantasy drama,"November 15, 2019[146]",TBA,TBA,Pending,,8
Triad Princess[139],Crime drama/romance,"December 6, 2019",TBA,TBA,Pending,,8
Ares[147],Supernatural drama,"January 17, 2020[148]","1 season, 8 episodes",TBA,Pending,,8
Chef's Table,Culinary art,"April 26, 2015","6 volumes, 30 episodes",42–58 min.,Renewed[149],,9
Making a Murderer,Crime drama,"December 18, 2015","2 parts, 20 episodes",47–77 min.,Ended,,9
Chelsea Does,Comedy,"January 23, 2016","1 season, 4 episodes",62–74 min.,Ended[150],,9
Cooked,Culinary art,"February 19, 2016",4 episodes,50–58 min.,Miniseries,,9
Last Chance U,Sport,"July 29, 2016","4 parts, 30 episodes",52–76 min.,Renewed[151],,9
Fearless,Sport,"August 19, 2016",6 episodes,50–58 min.,Miniseries,,9
Chef's Table: France,Culinary art,"September 2, 2016","1 season, 4 episodes",41–54 min.,Ended,,9
Roman Empire,Historical drama,"November 11, 2016","3 seasons, 15 episodes",38–48 min.,Pending,,9
Captive,Documentary,"December 9, 2016",8 episodes,59–73 min.,Miniseries,,9
Abstract: The Art of Design,Biography,"February 10, 2017","2 seasons, 14 episodes",41–48 min.,Pending,,9
QB1: Beyond the Lights,Sport,"February 13, 2017","3 seasons, 30 episodes",28–41 min.,Pending,,9
13 Reasons Why: Beyond the Reasons,Interview,"March 31, 2017","3 seasons, 3 episodes",17–67 min.,Pending,,9
Five Came Back,Historical drama,"March 31, 2017",3 episodes,59–69 min.,Miniseries,,9
Hot Girls Wanted: Turned On,Documentary,"April 21, 2017",6 episodes,41–58 min.,Miniseries,,9
The Keepers,Crime drama,"May 19, 2017",7 episodes,56–66 min.,Miniseries,,9
Daughters of Destiny,Documentary,"July 28, 2017",4 episodes,56–65 min.,Miniseries,,9
Fire Chasers,Documentary,"September 8, 2017",4 episodes,50–58 min.,Miniseries,,9
The Confession Tapes,True crime,"September 8, 2017","2 seasons, 11 episodes",41–54 min.,Pending,,9
Jack Whitehall: Travels with My Father,Travel documentary,"September 22, 2017","3 seasons, 13 episodes",28–61 min.,Pending,,9
The Day I Met El Chapo,Biography,"October 20, 2017","1 season, 3 episodes",48–61 min.,Ended,,9
Shot in the Dark,True crime,"November 17, 2017","1 season, 8 episodes",34–41 min.,Ended,,9
Wormwood,Psychological drama,"December 15, 2017",6 chapters,41–48 min.,Miniseries,,9
72 Dangerous Animals: Latin America,Nature,"December 22, 2017","1 season, 12 episodes",41–46 min.,Ended,,9
Dope,Documentary,"December 22, 2017","3 seasons, 12 episodes",36–48 min.,Pending,,9
The Toys That Made Us,Documentary,"December 22, 2017","2 seasons, 8 episodes",43–51 min.,"Season 3 due to premiere on November 15, 2019[152][153]",,9
Rotten,Documentary,"January 5, 2018","2 seasons, 12 episodes",48–63 min.,Pending,,9
Somebody Feed Phil,Travel documentary,"January 12, 2018","2 seasons, 12 episodes",55–63 min.,Renewed[149],,9
Drug Lords,Documentary,"January 19, 2018","2 seasons, 8 episodes",42–47 min.,Ended,,9
Dirty Money,Documentary,"January 26, 2018","1 season, 6 episodes",50–77 min.,Renewed[154],,9
Coach Snoop,Sport,"February 2, 2018","1 season, 8 episodes",28–30 min.,Ended,,9
First Team: Juventus,Sport,"February 16, 2018","2 parts, 6 episodes",37–42 min.,Ended,,9
Ugly Delicious,Travel documentary,"February 23, 2018","1 season, 8 episodes",46–55 min.,Renewed[155],,9
Flint Town,Documentary,"March 2, 2018",8 episodes,35–48 min.,Miniseries,,9
Girls Incarcerated,Documentary,"March 2, 2018","2 seasons, 16 episodes",37–47 min.,Pending,,9
Wild Wild Country,Documentary,"March 16, 2018",6 episodes,64–72 min.,Miniseries,,9
Rapture,Documentary,"March 30, 2018","1 season, 8 episodes",52–63 min.,Ended,,9
Bobby Kennedy for President,History,"April 27, 2018",4 chapters,59–66 min.,Miniseries,,9
Evil Genius: The True Story of America's Most Diabolical Bank Heist,True crime,"May 11, 2018",4 episodes,46–54 min.,Miniseries,,9
Explained,Docu-series,"May 23, 2018","2 seasons, 21 episodes",14–26 min.,Season 2 ongoing,,9
November 13: Attack on Paris,Documentary,"June 1, 2018",3 episodes,47–59 min.,Miniseries,,9
Dark Tourist,Travel documentary,"July 20, 2018","1 season, 8 episodes",39–42 min.,Ended,,9
Marching Orders,Docu-series,"August 3, 2018","1 season, 12 episodes",9–14 min.,Ended,,9
72 Dangerous Animals: Asia,Nature,"August 10, 2018","1 season, 12 episodes",44–48 min.,Ended,,9
Afflicted,Docu-series,"August 10, 2018","1 season, 7 episodes",37–46 min.,Ended,,9
Follow This,Docu-series,"August 23, 2018","3 parts, 20 episodes",15–20 min.,Ended[156],,9
First and Last,Docu-series,"September 7, 2018","1 season, 6 episodes",38–43 min.,Ended,,9
Boca Juniors Confidential,Docu-series,"September 14, 2018","1 season, 4 episodes",40–44 min.,Ended,,9
"Salt, Fat, Acid, Heat",Travel documentary,"October 11, 2018",4 episodes,40–48 min.,Miniseries,,9
FightWorld,Travel documentary,"October 12, 2018","1 season, 5 episodes",41–44 min.,Pending,,9
Terrorism Close Calls,Docu-series,"October 26, 2018","1 season, 10 episodes",47–49 min.,Pending,,9
Medal of Honor,Docu-series,"November 9, 2018","1 season, 8 episodes",46–61 min.,Pending,,9
Dogs,Docu-series,"November 16, 2018","1 season, 6 episodes",50–53 min.,Renewed[157],,9
Vai Anitta,Docu-series,"November 16, 2018","1 season, 6 episodes",25–35 min.,Pending,,9
Inside the Real Narcos,Docu-series,"December 14, 2018","1 season, 3 episodes",45–46 min.,Pending,,9
Sunderland 'Til I Die,Sport,"December 14, 2018","1 season, 8 episodes",37–46 min.,Pending,,9
The Innocent Man,True crime,"December 14, 2018",6 episodes,42–52 min.,Miniseries,,9
7 Days Out,Docu-series,"December 21, 2018","1 season, 6 episodes",47–48 min.,Pending,,9
Murder Mountain,True crime,"December 28, 2018","1 season, 6 episodes",43 min.,Pending,,9
Trigger Warning with Killer Mike,Docu-series,"January 18, 2019","1 season, 6 episodes",22–27 min.,Pending,,9
Conversations with a Killer: The Ted Bundy Tapes,True crime,"January 24, 2019",4 episodes,51–74 min.,Miniseries,,9
Examination of Conscience,True crime,"January 25, 2019","1 season, 3 episodes",51–54 min.,Pending,,9
Larry Charles' Dangerous World of Comedy,Docu-series,"February 15, 2019","1 season, 4 episodes",51–66 min.,Pending,,9
Losers,Sport,"March 1, 2019","1 collection, 8 episodes",25–37 min.,Pending,,9
Cricket Fever: Mumbai Indians,Sport,"March 1, 2019","1 season, 8 episodes",33–44 min.,Pending,,9
Formula 1: Drive to Survive,Sport,"March 8, 2019","1 season, 10 episodes",27–41 min.,Renewed[158],,9
The Disappearance of Madeleine McCann,True crime,"March 15, 2019",8 episodes,43–65 min.,Miniseries,,9
Our Planet,Nature documentary,"April 5, 2019",8 episodes,49–54 min.,Miniseries,,9
Street Food,Culinary art,"April 26, 2019","1 season, 9 episodes",30–34 min.,Pending,,9
1994,Docu-series,"May 17, 2019",5 episodes,44–52 min.,Miniseries,,9
Killer Ratings,Docu-series,"May 31, 2019","1 season, 7 episodes",42–58 min.,Pending,,9
The Chef Show,Culinary art,"June 7, 2019","2 volumes, 14 episodes",26–34 min.,Pending,,9
The Alcàsser Murders,True crime,"June 14, 2019","1 season, 5 episodes",53–66 min.,Pending,,9
Exhibit A,True crime,"June 28, 2019","1 season, 4 episodes",29–41 min.,Pending,,9
The Last Czars,Docu-series,"July 3, 2019","1 season, 6 episodes",42–50 min.,Pending,,9
Taco Chronicles,Culinary art,"July 12, 2019","1 season, 6 episodes",26–31 min.,Pending,,9
The Family,Docu-series,"August 9, 2019",5 episodes,47–54 min.,Miniseries,,9
Happy Jail,Docu-series,"August 14, 2019",5 episodes,29–37 min.,Miniseries,,9
Diagnosis,Docu-series,"August 16, 2019","1 season, 7 episodes",43–49 min.,Pending,,9
"The Mind, Explained",Docu-series,"September 12, 2019",5 episodes,19–22 min.,Miniseries,,9
Inside Bill's Brain: Decoding Bill Gates,Docu-series,"September 20, 2019",3 episodes,51–56 min.,Miniseries,,9
Living Undocumented,Docu-series,"October 2, 2019","1 season, 6 episodes",38–46 min.,Pending,,9
Unnatural Selection,Docu-series,"October 18, 2019",4 episodes,62–70 min.,Miniseries,,9
,,,,,,,9
"Breakfast, Lunch & Dinner[159]",Docu-series,"October 23, 2019[111]",TBA,TBA,Pending,,9
The Devil Next Door[160],Docu-series,"November 4, 2019",6 episodes,TBA,Miniseries,,9
White Rabbit Project,Science investigation,"December 9, 2016","1 season, 10 episodes",45–48 min.,Ended[161],,10
Chasing Cameron,Celebrity,"December 27, 2016","1 season, 10 episodes",26–33 min.,Ended[162],,10
Ultimate Beastmaster,Competition,"February 24, 2017","3 seasons, 29 episodes",41–84 min.,Ended,,10
Queer Eye,Makeover reality,"February 7, 2018","4 seasons, 32 episodes",43–52 min.,Renewed[163],,10
Nailed It!,Competition,"March 9, 2018","3 seasons, 19 episodes",12–35 min.,Pending,,10
Fastest Car,Motoring television series,"April 6, 2018","2 seasons, 15 episodes",41–52 min.,Pending,,10
Cooking on High,Cooking show,"June 22, 2018","1 season, 12 episodes",13–15 min.,Ended,,10
Sugar Rush,Baking competition,"July 13, 2018","2 seasons, 14 episodes",47–55 min.,Pending,,10
Amazing Interiors,Reality,"July 20, 2018","1 season, 12 episodes",21–28 min.,Ended,,10
Magic for Humans,Reality,"August 17, 2018","1 season, 6 episodes",22–25 min.,"Season 2 due to premiere on December 6, 2019[164]",,10
Stay Here,Reality,"August 17, 2018","1 season, 8 episodes",31–33 min.,Ended,,10
Car Masters: Rust to Riches,Motoring television series,"September 14, 2018","1 season, 8 episodes",31–40 min.,Ended,,10
Battlefish,Reality,"September 21, 2018","1 season, 8 episodes",38–46 min.,Ended,,10
Made in Mexico,Spanish language reality series,"September 28, 2018","1 season, 8 episodes",45–54 min.,Ended,,10
Dancing Queen,Celebrity,"October 5, 2018","1 season, 8 episodes",38–46 min.,Ended,,10
The Curious Creations of Christine McConnell,Cooking show,"October 12, 2018","1 season, 6 episodes",24–29 min.,Ended [165],,10
Haunted,Horror,"October 19, 2018","2 seasond, 12 episodes",20–31 min.,Pending,,10
Westside,Music,"November 9, 2018","1 season, 8 episodes",46–58 min.,Pending,,10
The Final Table,Culinary competition,"November 20, 2018","1 season, 10 episodes",48–60 min.,Pending,,10
Death by Magic,Reality,"November 30, 2018","1 season, 8 episodes",31–39 min.,Pending,,10
Nailed It! Holiday,Reality competition,"December 7, 2018","1 season, 7 episodes",33–35 min.,"Season 2 due to premiere on November 22, 2019[70]",,10
Tidying Up with Marie Kondo,Reality show,"January 1, 2019","1 season, 8 episodes",35–47 min.,Pending,,10
¡Nailed it! México,Reality,"February 8, 2019","1 season, 6 episodes",32–34 min.,Pending,,10
Dating Around,Reality,"February 14, 2019","1 season, 6 episodes",24–30 min.,Pending,,10
Selling Sunset,Reality,"March 22, 2019","1 season, 8 episodes",28–42 min.,Pending,,10
You vs. Wild,Interactive Reality,"April 10, 2019","1 season, 8 episodes",14–26 min.,Pending,,10
Flinch,Reality television/game show,"May 3, 2019","1 season, 10 episodes",20–25 min.,Pending,,10
Jailbirds,Reality television,"May 10, 2019","1 season, 10 episodes",37–47 min.,Pending,,10
Awake: The Million Dollar Game,Reality television,"June 14, 2019","1 season, 8 episodes",35–41 min.,Pending,,10
Extreme Engagement,Reality television,"July 12, 2019","1 season, 8 episodes",32–40 min.,Pending,,10
Basketball or Nothing,Reality competition,"August 2, 2019","1 season, 6 episodes",31–37 min.,Pending,,10
Hyperdrive,Reality competition,"August 21, 2019","1 season, 10 episodes",43-61 min.,Pending,,10
Styling Hollywood,Reality television,"August 30, 2019","1 season, 8 episodes",33–40 min.,Pending,,10
Rhythm + Flow,Music competition,"October 9, 2019","1 season, 7 episodes",51-63 min.,Season 1 ongoing,,10
,,,,,,,10
Nailed It! France,French language reality competition,"October 25, 2019[111]",TBA,TBA,Pending,,10
Nailed It! Spain[166],Spanish language reality competition,"October 25, 2019[111]",TBA,TBA,Pending,,10
Prank Encounters[167],Prank show,"October 25, 2019[168]",TBA,TBA,Pending,,10
Queer Eye: We're in Japan![169],Reality television,"November 1, 2019[170]",4 episodes,TBA,Pending,,10
Sugar Rush Christmas,Baking competition,"November 29, 2018[70]",TBA,TBA,Pending,,10
Nailed It! Germany[166],German language reality competition,"January 17, 2020[171]",TBA,TBA,Pending,,10
Chelsea,Late-night,"May 11, 2016","2 seasons, 120 episodes[b]",27–64 min.,Ended[172],,11
Bill Nye Saves the World,Science,"April 21, 2017","3 seasons, 25 episodes",26–41 min.,Ended,,11
Beyond Stranger Things,Aftershow,"October 27, 2017","1 season, 7 episodes",15–25 min.,Ended,,11
My Next Guest Needs No Introduction with David Letterman,Interview,"January 12, 2018","2 seasons, 12 episodes",41–58 min.,Pending,,11
The Joel McHale Show with Joel McHale,Comedy,"February 18, 2018","2 parts, 19 episodes",22–28 min.,Ended[173],,11
A Little Help with Carol Burnett,Variety show,"May 4, 2018","1 season, 12 episodes",21–29 min.,Ended,,11
Busted!,Korean language variety show,"May 4, 2018","1 season, 10 episodes",75–98 min.,"Season 2 due to premiere on November 8, 2019[174]",,11
The Break with Michelle Wolf,Late-night,"May 27, 2018","1 season, 10 episodes",27 min.,Ended[173],,11
Norm Macdonald Has a Show,Talk show,"September 14, 2018","1 season, 10 episodes",26–35 min.,Ended[175],,11
Patriot Act with Hasan Minhaj,Talk show,"October 28, 2018","4 volumes, 25 episodes",23–30 min.,Renewed[176],,11
The Fix,Panel show,"December 14, 2018","1 season, 10 episodes",23–31 min.,Pending,,11
Lilyhammer,Comedy-drama,"February 6, 2012","3 seasons, 24 episodes",43–58 min.,Ended[177],,12
Between,Science fiction/drama,"May 21, 2015","2 seasons, 12 episodes",44 min.,Ended,,12
H2O: Mermaid Adventures,Animation,"May 22, 2015","2 seasons, 26 episodes",24 min.,Ended,,12
Atelier,Coming of age drama,"December 1, 2015","1 season, 13 episodes",43–51 min.,Ended[181],,12
Degrassi: Next Class,Teen drama,"January 15, 2016","4 seasons, 40 episodes",24 min.,Ended[183],,12
Lost & Found Music Studios,Musical teen drama,"April 1, 2016","2 seasons, 27 episodes",27–29 min.,Ended,,12
Good Morning Call,Slice of life drama,"May 13, 2016","2 seasons, 27 episodes",43–49 min.,Ended,,12
Hibana: Spark,Drama,"June 2, 2016","1 season, 10 episodes",46–60 min.,Ended,,12
Beat Bugs,Animation,"August 3, 2016","3 seasons, 52 episodes",15–24 min.,Pending,,12
The Cuba Libre Story,Documentary,"December 8, 2016","1 season, 8 episodes",51–53 min.,Ended,,12
Bottersnikes and Gumbles,Animation,"August 19, 2016","2 seasons, 52 episodes",12 min.,Ended,,12
Kazoops!,Animation,"September 2, 2016","3 seasons, 26 episodes",19–21 min.,Ended,,12
Four Seasons in Havana,Crime drama,"September 12, 2016","1 season, 4 episodes",86–96 min.,Ended,,12
Paranoid,Thriller,"November 17, 2016","1 season, 8 episodes",42–45 min.,Ended[189],,12
Dirk Gently's Holistic Detective Agency,Comic science fiction,"December 11, 2016","2 seasons, 18 episodes",41–53 min.,Ended[190],,12
Crazyhead,Comedy,"December 16, 2016","1 season, 6 episodes",42–45 min.,Ended[191],,12
Travelers,Science fiction/drama,"December 23, 2016","2 seasons, 24 episodes",44–50 min.,Ended[c],,12
Frontier,Historical drama,"January 20, 2017","3 seasons, 18 episodes",43–52 min.,Pending,,12
Samurai Gourmet,Drama,"March 17, 2017","1 season, 12 episodes",16–24 min.,Ended[195],,12
Anne with an E,Historical drama,"May 12, 2017","2 seasons, 17 episodes",44–88 min.,"Season 3 due to premiere on January 3, 2020[196]",,12
El Chapo,Drama,"June 16, 2017","3 seasons, 34 episodes",39–55 min.,Ended[198],,12
Kantaro: The Sweet Tooth Salaryman,Comedy,"July 7, 2017","1 season, 12 episodes",24 min.,Ended[199],,12
The Worst Witch,Children's fantasy,"July 21, 2017","3 seasons, 38 episodes",28–59 min.,Pending,,12
Million Yen Women,Drama,"August 15, 2017","1 season, 12 episodes",24 min.,Ended[202],,12
Alias Grace,Drama,"November 3, 2017",6 episodes,43–46 min.,Miniseries,,12
Erased,Supernatural mystery,"December 15, 2017","1 season, 12 episodes",26–32 min.,Ended,,12
The End of the F***ing World,Comedy,"January 5, 2018","1 season, 8 episodes",18–22 min.,"Season 2 due to premiere on November 5, 2019[204]",,12
Mob Psycho 100,Supernatural drama,"January 12, 2018","1 season, 12 episodes",26 min.,Ended[205],,12
Damnation,Period drama,"February 1, 2018","1 season, 10 episodes",42–55 min.,Ended[206],,12
Collateral,Thriller,"March 9, 2018",4 episodes,56–59 min.,Miniseries,,12
Requiem,Supernatural thriller,"March 23, 2018","1 season, 6 episodes",57–58 min.,Ended,,12
Troy: Fall of a City,Historical,"April 6, 2018","1 season, 8 episodes",57–58 min.,Ended,,12
The Letdown,Comedy,"April 21, 2018","2 seasons, 13 episodes",27–32 min.,Pending,,12
The New Legends of Monkey,Fantasy adventure,"April 27, 2018","1 season, 10 episodes",26 min.,Ended,,12
Safe,Thriller,"May 10, 2018","1 season, 8 episodes",41–48 min.,Ended,,12
Kiss Me First,Drama,"June 29, 2018","1 season, 6 episodes",46–48 min.,Ended,,12
I Am a Killer,Docu-series,"August 3, 2018","1 season, 10 episodes",50–53 min.,Renewed[210],,12
Wanderlust,Drama,"October 19, 2018","1 season, 6 episodes",56–59 min.,Ended,,12
Robozuna,Animation,"October 25, 2018","2 seasons, 20 episodes",22–23 min.,Pending,,12
Pine Gap,Political thriller,"December 7, 2018","1 season, 6 episodes",54–59 min.,Pending,,12
Perfume,Thriller,"December 21, 2018","1 season, 6 episodes",53–67 min.,Pending,,12
Watership Down,Animation/fantasy,"December 23, 2018",4 episodes,50–51 min.,Miniseries,,12
Black Earth Rising,Thriller,"January 25, 2019",8 episodes,60 min.,Miniseries,,12
Nightflyers,Science fiction,"February 1, 2019","1 season, 10 episodes",40–59 min.,Ended[215],,12
Northern Rescue,Drama,"March 1, 2019","1 season, 10 episodes",44–45 min.,Pending,,12
Traitors,Period drama,"March 29, 2019","1 season, 6 episodes",46–47 min.,Pending,,12
Tijuana,Drama,"April 5, 2019","1 season, 11 episodes",35–45 min.,Pending,,12
Undercover,Crime drama,"May 3, 2019","1 season, 10 episodes",46–54 min.,Renewed [218],,12
Designated Survivor: 60 Days,Drama,"July 1, 2019","1 season, 16 episodes",64–83 min.,Pending,,12
The Spy,Drama,"September 6, 2019",6 episodes,47–62 min.,Miniseries,,12
Interior Design Masters,Reality,"October 18, 2019","1 season, 8 episodes",42–48 min.,Pending,,12
,,,,,,,12
Drug Squad: Costa del Sol,Police procedural,"October 25, 2019",TBA,TBA,Pending,,12
Terrace House: Boys & Girls in the City,Reality television,"September 2, 2015","2 parts, 46 episodes",24–38 min.,Ended[220],,13
Terrace House: Aloha State,Reality television,"November 1, 2016","4 parts, 36 episodes",30–47 min.,Ended[221],,13
Ainori Love Wagon: Asian Journey,Reality television,"October 26, 2017","2 seasons, 44 episodes",27–37 min.,Ended,,13
Terrace House: Opening New Doors,Reality television,"December 19, 2017","6 parts, 49 episodes",32–44 min.,Ended,,13
Terrace House: Tokyo 2019–2020,Reality television,"May 14, 2019","2 parts, 19 episodes",35–57 min.,Part 2 ongoing,,13
Ainori Love Wagon: African Journey,Reality television,"September 5, 2019","1 season, 7 episodes",25-28 min.,Season 1 ongoing,,13
Arrested Development (seasons 4–5),Comedy,"May 26, 2013","2 seasons, 38 episodes[d]",22–23 min.,Ended,,14
Star Wars: The Clone Wars (season 6),Animation sci-fi,"March 7, 2014","1 season, 13 episodes",22 min.,Ended[e][223][224],,14
The Killing (season 4),Crime drama,"August 1, 2014","1 season, 6 episodes",54–60 min.,Ended[225],,14
Trailer Park Boys (seasons 8–12),Mockumentary,"September 5, 2014","5 seasons, 50 episodes",22–32 min.,Ended,,14
Longmire (seasons 4–6),Crime drama,"September 10, 2015","3 seasons, 30 episodes",55–71 min.,Ended[227],,14
Midnight Diner (season 4),Drama,"October 21, 2016","1 season, 10 episodes",23–24 min.,"Season 5 due to premiere on October 31, 2019[228]",,14
Black Mirror (seasons 3–5),Science fiction anthology,"October 21, 2016","3 seasons, 15 episodes",52–89 min.,Pending,,14
Lovesick (seasons 2–3),Comedy,"November 17, 2016","2 seasons, 16 episodes",25–28 min.,Ended,,14
The Last Kingdom (seasons 2–3),Period drama,"May 5, 2017","2 seasons, 18 episodes",52–59 min.,Renewed[231],,14
Real Rob (season 2),Comedy,"September 29, 2017","1 season, 8 episodes",30–38 min.,Ended,,14
Glitch (seasons 2–3),Paranormal-drama,"November 28, 2017","2 seasons, 12 episodes",52–57 min.,Ended[232],,14
The Staircase (3 episodes),Docu-series,"June 8, 2018","1 season, 3 episodes",46–53 min.,Ended,,14
Paquita Salas (seasons 2–3),Mockumentary,"June 29, 2018","2 seasons, 11 episodes",23–38 min.,Pending,,14
Comedians in Cars Getting Coffee (seasons 10–11),Comedy,"July 6, 2018","2 seasons, 24 episodes",12–41 min.,Pending,,14
Inside the World’s Toughest Prisons (seasons 2–3),Docu-series,"July 6, 2018","2 seasons, 8 episodes",47–54 min.,Pending,,14
MeatEater (seasons 7–8),Docu-series,"October 2, 2018","2 seasons, 24 episodes",22–30 min.,Pending,,14
Little Things (season 2),Comedy,"October 5, 2018","1 season, 8 episodes",23–26 min.,"Season 3 due to premiere on November 9, 2019[234]",,14
Hip-Hop Evolution (seasons 2–3),Docu-series,"October 19, 2018","2 seasons, 8 episodes",38–52 min.,Pending,,14
Travelers (season 3),Science fiction/drama,"December 14, 2018","1 season, 10 episodes",43–50 min.,Ended[235],,14
Lucifer (season 4),Fantasy/police procedural,"May 8, 2019","1 season, 10 episodes",48–55 min.,Renewed for final season[237],,14
Slasher (season 3),Horror,"May 23, 2019","1 season, 8 episodes",45–48 min.,Pending,,14
Designated Survivor (season 3),Political thriller,"June 7, 2019","1 season, 10 episodes",47–53 min.,Ended[78],,14
Armistead Maupin's Tales of the City (series 4),Drama,"June 7, 2019",10 episodes,46–60 min.,Miniseries,,14
Money Heist (part 3),Thriller,"July 19, 2019","1 season, 8 episodes",41–57 min.,Renewed[239],,14
Top Boy (series 3),Crime drama,"September 13, 2019","1 season, 10 episodes",44–66 min.,Renewed[240],,14
Trailer Park Boys: Swearnet Live,Mockumentary,"October 1, 2014",,"1 hour, 15 min.",,,15
Trailer Park Boys: Live at the North Pole,Mockumentary,"November 15, 2014",,"1 hour, 28 min.",,,15
BoJack Horseman Christmas Special: Sabrina's Christmas Wish,Animation,"December 19, 2014",,25 min.,,,15
Sense8: Creating the World,Making-of,"August 8, 2015",,25 min.,,,15
"Trailer Park Boys: Drunk, High And Unemployed Live In Austin",Mockumentary,"December 9, 2015",,"1 hour, 15 min.",,,15
Marco Polo: One Hundred Eyes,Period drama,"December 26, 2015",,28 min.,,,15
Puss in Book: Trapped in an Epic Tale,Animation / Interactive fiction,"June 20, 2017",,23 min.,,,15
Buddy Thunderstruck: The Maybe Pile,Animation / Interactive fiction,"July 14, 2017",,13 min.,,,15
Beat Bugs: All Together Now,Animation,"November 21, 2017",,50 min.,,,15
DreamWorks Home: For the Holidays,Animation,"December 1, 2017",,45 min.,,,15
A StoryBots Christmas,Animation,"December 1, 2017",,25 min.,,,15
Stretch Armstrong: The Breakout,Animation / Interactive fiction,"March 13, 2018",,45 min.,,,15
Super Monsters Save Halloween,Animation,"October 5, 2018",,23 min.,,,15
"Club de Cuervos Presents: I, Potro",Mockumentary,"October 19, 2018",,50 min.,,,15
Free Rein: The Twelve Neighs of Christmas,Teen drama,"December 7, 2018",,57 min.,,,15
Super Monsters and the Wish Star,Animation,"December 7, 2018",,27 min.,,,15
Prince of Peoria: A Christmas Moose Miracle,Sitcom,"December 17, 2018",,29 min.,,,15
Aggretsuko: We Wish You a Metal Christmas,Anime,"December 20, 2018",,22 min.,,,15
Porta dos Fundos: The Last Hangover,Portuguese language comedy-drama,"December 21, 2018",,44 min.,,,15
Black Mirror: Bandersnatch,Science fiction/drama/Interactive,"December 28, 2018",,"1 hour, 30 min.",,,15
Free Rein: Valentine's Day,Teen drama,"February 1, 2019",,50 min.,,,15
True: Happy Hearts Day,Animation,"February 1, 2019",,23 min.,,,15
Super Monsters Furever Friends,Animation,"April 16, 2019",,58 min.,,,15
Malibu Rescue – The Movie,Comedy,"May 13, 2019",,"1 hour, 9 min.",,,15
Oprah Winfrey Presents When They See Us Now,Interview,"June 12, 2019",,"1 hour, 1 min.",,,15
Super Monsters Back to School,Animation,"August 16, 2019",,23 min.,,,15
True: Tricky Treat Day,Animation,"September 20, 2019",,23 min.,,,15
Super Monsters: Vida's First Halloween,Animation,"October 4, 2019",,24 min.,,,15
The Spooky Tale of Captain Underpants Hack-a-Ween,Animation,"October 8, 2019",,46 min.,,,15
,,,,,,,15
My Next Guest with David Letterman and Shah Rukh Khan[241],Talk show,"October 25, 2019",,"1 hour, 1 min.",,,15
True: Grabbleapple Harvest,Animation,"November 1, 2019[242]",,23 min.,,,15
GO! The Unforgettable Party[243],Spanish language musical,"November 15, 2019",,TBA,,,15
Super Monsters Save Christmas[244],Animation,"November 26, 2019",,TBA,,,15
True: Winter Wishes[244],Animation,"November 26, 2019",,TBA,,,15
Spirit Riding Free: The Spirit of Christmas[244],Animation,"December 6, 2019",,TBA,,,15
Harvey Girls' First Snowflake Festival,Animation,"December 21, 2019",,TBA,,,15
The Witcher[245][246],Fantasy drama,Q4 2019[247],,,,,16
The Disastrous Life of Saiki K.: Reawakened[248],Anime,Winter 2019,,,,,16
Levius[249],Anime,Winter 2019,,,,,16
The Goop Lab with Gwyneth Paltrow[250][251],Docu-series,Late 2019[251],,,,,16
Age of Samurai: Battle for Japan[252],Docu-series historical drama,2019,,,,,16
Dino Girl Gauko[253],Anime,2019,,,,,16
Holiday Secrets[254][255],German language drama miniseries,2019[254],,,,,16
Messiah[256],Drama,2019[256],,,,,16
October Faction[257],Horror,2019[258],,,,,16
Puerta 7[259],Spanish language sports crime drama,2019,,,,,16
Sky Rojo[260],Spanish language action drama,2019,,,,,16
The Bonfire of Destiny (co-production with TF1)[261],French language historical drama,2019,,,,,16
The Gift[262],Turkish language supernatural drama,2019[263],,,,,16
The Movies That Made Us[264],Docu-series,2019,,,,,16
V-Wars[265],Vampire drama,2019[258],,,,,16
Wizards: Tales of Arcadia[266],Animation,2019[266],,,,,16
AJ and the Queen[267],Comedy,2020[268],,,,,16
Alice in Borderland[269][270],Japanese language Fantasy,2020,,,,,16
Alma[271],Spanish language supernatural drama,2020,,,,,16
Blood and Water[272],Teen drama,2020,,,,,16
Boca a Boca[273],Portuguese language Comedy,2020,,,,,16
Bridgerton[274],Romance,2020[275],,,,,16
Cursed[276],Fantasy drama,2020[277],,,,,16
Días de Navidad[278],Spanish language drama,2020,,,,,16
EDEN[279],Anime,2020,,,,,16
El desorden que dejas[278],Spanish language drama,2020,,,,,16
Emily's Wonder Lab[280],Educational,2020,,,,,16
Fate: The Winx Club Saga[281],Teen drama,2020,,,,,16
Followers[282],Japanese language Drama,2020[283],,,,,16
Gabby's Dollhouse[284],Animation,2020[284],,,,,16
Ghost in the Shell SAC_2045[285],Anime,2020,,,,,16
Ginny and Georgia[286],Coming-of-age drama,2020,,,,,16
"Go, Dog, Go![280]",Animation,2020,,,,,16
Go! Go! Cory Carson[287],Animation,2020[288][289],,,,,16
I Am Not Okay with This[290],Coming of age comedy,2020[291],,,,,16
"I Do, Redo (co-production with CTV)[292]",Reality show,2020,,,,,16
Into the Night[293],Science-fiction,2020,,,,,16
Izzy Bee's Koala World[280],Docu-series,2020,,,,,16
Japan Sinks 2020[294],Anime,2020,,,,,16
Ju-On[283],Japanese language Horror,2020,,,,,16
Jurassic World: Camp Cretaceous[295],Animation,2020,,,,,16
Kid Cosmic[288],Animation,2020,,,,,16
Kipo and the Age of Wonderbeasts[296],Animation,2020[296],,,,,16
Locke & Key[297],Supernatural-Horror,2020[258],,,,,16
Madam C. J. Walker[298],Miniseries,2020[299],,,,,16
Memorias de Idhún[278],Spanish language animation,2020,,,,,16
Never Have I Ever[300][301],Comedy,2020,,,,,16
Onisciente[302],Sci-fi,2020,,,,,16
Outer Banks[303],Coming-of-age drama,2020[304],,,,,16
Pacific Rim[305],Anime,2020,,,,,16
Queen Sono[306][307],Crime drama,2020[306][307],,,,,16
Ragnarok[271],Norwegian language coming of age drama,2020,,,,,16
Ratched[308],Drama,2020; Renewed[308],,,,,16
Reality Z[309],Portuguese language zombie comedy,2020,,,,,16
Rhyme Time Town[284],Animation,2020[284],,,,,16
Selena: The Series[310],Biopic,2020,,,,,16
Spectros[311],Portuguese language thriller,2020,,,,,16
Space Force[312],Comedy,2020,,,,,16
StarBeam[280],Animation,2020,,,,,16
The Circle US[313],Reality competition,2020,,,,,16
The English Game[314],Drama,2020,,,,,16
The Iliza Shlesinger Sketch Show[315],Sketch comedy,2020,,,,,16
The Last Dance[316],Docu-series,2020,,,,,16
The Neighbor[317][278],Spanish language comedy,2020,,,,,16
The Woods[318][319],Polish language thriller,2020,,,,,16
Tiny Pretty Things[320],Drama,2020,,,,,16
Todo por ti[321],Spanish language series,2020,,,,,16
Transformers: War for Cybertron Trilogy[322],Animation,2020,,,,,16
Unorthodox[323],Drama miniseries,2020,,,,,16
Untitled Arsène Lupin series[324],French language drama,2020,,,,,16
Untitled docu-series about pioneering surgeons,Docu-series,2020,,,,,16
Untitled Unbreakable Kimmy Schmidt interactive special[325],Interactive fiction Special,2020,,,,,16
Valeria[278],Spanish language dramedy,2020,,,,,16
What-to-Doodles[280],Animation,2020,,,,,16
Life in Colour (co-production with BBC Two)[326],Docu-series,2021,,,,,16
Maya and the Three[288],Animation miniseries,2021,,,,,16
Trash Truck[288],Animation,2021,,,,,16
1899[327],Horror/history,TBA,,,,,16
A Chorus Line[328],Drama miniseries,TBA,,,,,16
A Life in Men[329],Drama,TBA,,,,,16
Again[330][f],Thriller,TBA,,,,,16
Agent King[331],Animated comedy,TBA,,,,,16
AlRawabi School for Girls[332],Arabic-language drama,TBA,,,,,16
All the Light We Cannot See[333],Historical drama miniseries,TBA,,,,,16
Altered Carbon: Resleeved[305],Anime,TBA,,,,,16
American Jesus[334],Supernatural drama,TBA,,,,,16
Anxious People[335],Swedish language dramedy,TBA,,,,,16
A Secret Love[328],Docuseries,TBA,,,,,16
Astronomy Club[336],Comedy,TBA,,,,,16
Away[337],Science-fiction,TBA,,,,,16
Baahubali: Before The Beginning[338][f],Fantasy,TBA; Renewed[339],,,,,16
Babies[340],Docu-series,TBA,,,,,16
Bandidos[341],Spanish language drama,TBA,,,,,16
Battle Kitty[342],Animation,TBA,,,,,16
Behind Her Eyes[343],Psychological thriller miniseries,TBA,,,,,16
Betaal[344][345],Hindi language thriller,TBA,,,,,16
Billy and the Minpins[346],Animation miniseries,TBA[346],,,,,16
Biohackers[347],German language thriller,TBA,,,,,16
Black Excellence[348],Comedy,TBA,,,,,16
Black Moon[314],Italian language historical drama,TBA,,,,,16
Bloodride[347],Norwegian language horror anthology,TBA,,,,,16
Bloom[349],Drama,TBA,,,,,16
Bombay Begums[344][350],Hindi language drama,TBA,,,,,16
"Bom Dia, Verônica[351]",Portuguese language crime drama,TBA,,,,,16
Bone[352],Animation,TBA,,,,,16
Boy: Tales of Childhood[346],Animation miniseries,TBA[346],,,,,16
Brew Brothers[353],Comedy,TBA,,,,,16
Cagaster of an Insect Cage[305],Anime,TBA,,,,,16
Catrina: La Santa Muerte[354],Spanish language action drama,TBA,,,,,16
Centaurworld[355][356],Animation,TBA,,,,,16
Charlie and the Chocolate Factory[346],Animation miniseries,TBA[346],,,,,16
Charlie and the Great Glass Elevator[346],Animation miniseries,TBA[346],,,,,16
Chico Bon Bon: Monkey with a Tool Belt[287],Animation,TBA,,,,,16
Churchmen[357],Drama,TBA,,,,,16
City of Ghosts[358],Animation,TBA,,,,,16
Clickbait[359],Thriller,TBA,,,,,16
Comfort Me with Apples[360],Bio-pic,TBA,,,,,16
Consumed[361],Horror miniseries,TBA,,,,,16
Crocodile[362],Mystery thriller,TBA,,,,,16
Curon[363],Italian language supernatural drama,TBA,,,,,16
Dare Me (co-production with USA Network)[364],Drama,TBA,,,,,16
Dark Web[365],Docu-series,TBA,,,,,16
Dash & Lily[366],Romance,TBA,,,,,16
Desenfrenadas[367],Spanish language comedy,TBA,,,,,16
Diablo[368],Animated fantasy,TBA,,,,,16
Dirty Beasts[346],Animation miniseries,TBA[346],,,,,16
Dracula (co-production with BBC One)[369],Drama,TBA,,,,,16
Dragon's Dogma[370],Anime,TBA,,,,,16
El Inocente[371],Spanish language thriller,TBA,,,,,16
El jefe[143],Spanish language series,TBA,,,,,16
Entergalactic[372],Animation,TBA,,,,,16
Equinox[373],Danish language thriller,TBA,,,,,16
Esio Trot[346],Animation miniseries,TBA[346],,,,,16
Extracurricular[374],Korean language teenage crime drama,TBA,,,,,16
Fast & Furious: Spy Racers[375],Animation,TBA,,,,,16
Fedeltà[363],Italian language romantic drama,TBA,,,,,16
Fifth Risk[349],Docu-series,TBA,,,,,16
Firefly Lane[376],Drama,TBA,,,,,16
Freud (co-production with ORF)[377],Period thriller,TBA,,,,,16
Gentefied[378],Spanish language drama,TBA,,,,,16
George's Marvellous Medicine[346],Animation miniseries,TBA[346],,,,,16
Ghee Happy[379],Animation,TBA,,,,,16
Giri/Haji (co-production with BBC One)[380],Drama,TBA,,,,,16
Gods & Heroes[381],Anime,TBA,,,,,16
Going Solo[346],Animation miniseries,TBA[346],,,,,16
Guillermo del Toro Presents 10 After Midnight[382],Horror anthology,TBA,,,,,16
Henry Sugar[346],Animation miniseries,TBA[346],,,,,16
Hit and Run[383],Political espionage thriller,TBA,,,,,16
Hollywood[384],Drama,TBA,,,,,16
Home for Christmas[385],Norwegian language Drama,TBA,,,,,16
Hoops[386],Animated comedy,TBA,,,,,16
Hot Chocolate Nutcracker[274],Docu-series,TBA,,,,,16
Human Resources[387],Animated comedy,TBA,,,,,16
Inside Job[388],Animated comedy,TBA,,,,,16
Invisible Cities[389],Portuguese language fantasy thriller,TBA,,,,,16
Julie and the Phantoms[390],Musical series,TBA,,,,,16
Jupiter's Legacy[334],Superhero epic,TBA,,,,,16
Justiciera[143],Spanish language series,TBA,,,,,16
Kaos[391],Dark comedy,TBA,,,,,16
Katla[392],Icelandic language supernatural drama,TBA,,,,,16
Listen to Your Vegetables & Eat Your Parents[349],Children's series,TBA,,,,,16
Los Favoritos de Midas[371],Spanish language thriller,TBA,,,,,16
Los corruptores[341],Spanish language thriller,TBA,,,,,16
Love 101[393],Turkish language drama,TBA,,,,,16
Love & Anarchy[394],Swedish language drama,TBA,,,,,16
Mae & George (co-production with Channel 4)[395],Comedy,TBA,,,,,16
Magic: The Gathering[396],Animation,TBA,,,,,16
Mai[344][397],Hindi language thriller,TBA,,,,,16
Mama K's Team 4[398],Animation,TBA,,,,,16
Masaba Masaba[344][399],Hindi language drama,TBA,,,,,16
Masters of the Universe: Revelation[400],Anime,TBA,,,,,16
Matilda[346],Animation miniseries,TBA[346],,,,,16
Medical Police[401],Drama,TBA,,,,,16
Messy[344][402],Hindi language comedy,TBA,,,,,16
Midnight Mass[403],Horror,TBA,,,,,16
Midnight's Children[404],Drama,TBA,,,,,16
Mortel[314],French language superhero series,TBA,,,,,16
Move[405],French language docuseries,TBA,,,,,16
Move to Heaven[406],Korean language drama,TBA,,,,,16
Next in Fashion[407],Reality competition,TBA,,,,,16
Nobody's Looking[408],Portuguese language comedy drama,TBA,,,,,16
Notes on Love[409],Anthology series,TBA,,,,,16
Oceans[410],Docuseries,TBA,,,,,16
One Hundred Years of Solitude[411],Spanish language drama,TBA,,,,,16
Ottoman Rising[412],Docudrama,TBA,,,,,16
Overlooked[349],Crime Drama Anthology,TBA,,,,,16
Pico & Sepulveda[274],Historical drama,TBA,,,,,16
Pieces of Her[413],Thriller,TBA,,,,,16
Q-Force[414],Animated comedy,TBA,,,,,16
Raise the Bar[415],Animation,TBA,,,,,16
Reset: My Fight for Inclusion and Lasting Change[274],Biopic,TBA,,,,,16
Rhyme Stew[346],Animation miniseries,TBA[346],,,,,16
Round Six[416],Korean language thriller,TBA,,,,,16
The School Nurse Files[417],Korean language drama,TBA,,,,,16
Sex/Life[418],Dramedy,TBA,,,,,16
Shadow and Bone[419],Fantasy drama,TBA,,,,,16
Shimmers[145],Thai language thriller,TBA,,,,,16
Slutty Teenage Bounty Hunters[420],Comedy,TBA,,,,,16
Snabba Cash[421],Swedish language thriller,TBA,,,,,16
Someone Has to Die[422],Spanish language period drama miniseries,TBA,,,,,16
Soundtrack[423][424],Musical drama,TBA,,,,,16
Spinning Out[425],Drama,TBA,,,,,16
SPRIGGAN[370],Anime,TBA,,,,,16
Sunshine Scouts[274],Dark comedy,TBA,,,,,16
Super Crooks[370],Anime,TBA,,,,,16
Sweet Magnolias[426],Romance drama,TBA,,,,,16
The Baby-Sitters Club[427],Dramedy,TBA,,,,,16
The Barbarians[428],German language period epic,TBA,,,,,16
The BFG[346],Animation miniseries,TBA[346],,,,,16
The Big Flower Fight[429],Reality competition,TBA,,,,,16
The Big Show Show[430],Comedy,TBA,,,,,16
The Chestnut Man[431],Danish language crime drama,TBA,,,,,16
The Circle Brazil[432],Reality competition,TBA,,,,,16
The Circle France[432],Reality competition,TBA,,,,,16
The Crew[433],Comedy,TBA,,,,,16
The Cuphead Show![434],Animation,TBA,,,,,16
The Duchess[435],Comedy,TBA,,,,,16
The Eddy[436],Musical drama,TBA,,,,,16
The Enormous Crocodile[346],Animation miniseries,TBA[346],,,,,16
The Expanding Universe of Ashley Garcia[437],Comedy,TBA,,,,,16
The Forty Rules of Love[438],Turkish language drama,TBA,,,,,16
The Ghost Bride[439],Mandarin language mystery drama,TBA,,,,,16
The Giraffe and the Pelly and Me[346],Animation miniseries,TBA[346],,,,,16
The Girls on the Bus[440],Comedy-drama,TBA,,,,,16
The Green Beret’s Guide to Surviving the Apocalypse[441],Comedy,TBA,,,,,16
The Healing Powers of Dude[442],Family comedy,TBA,,,,,16
The Irregulars[443],Drama,TBA,,,,,16
The Last Word[444],German language comedy-drama,TBA,,,,,16
The Letter for the King[445],Adventure,TBA,,,,,16
The Liberator[446],Animated war drama,TBA,,,,,16
The Magic Finger[346],Animation miniseries,TBA[346],,,,,16
The Magic Order[447],Drama,TBA,,,,,16
The One[448],Science-fiction,TBA,,,,,16
The Pentaverate[449],Comedy,TBA,,,,,16
The Queen's Gambit[450],Drama miniseries,TBA,,,,,16
The Residence[274],Drama,TBA,,,,,16
The Sandman[451],Fantasy,TBA,,,,,16
The Serpent (co-production with BBC One)[452],Thriller miniseries,TBA,,,,,16
The Stranger[453],Thriller,TBA,,,,,16
The Twits[346],Animation miniseries,TBA[346],,,,,16
The Upshaws[454],Comedy,TBA,,,,,16
The Warmth of Other Suns[274],Drama,TBA,,,,,16
The Valhalla Murders (co-production with RÚV)[455],Icelandic language crime drama,TBA,,,,,16
Three Steps Over Heaven[363],Italian language romantic drama,TBA,,,,,16
Three Wishes[456],Mystery,TBA,,,,,16
Trese[305],Anime,TBA,,,,,16
Tribes of Europe[428],German language science fiction,TBA,,,,,16
Twogether[457],Korean language Chinese language reality,TBA,,,,,16
Tyll[438],German language drama,TBA,,,,,16
Unsolved Mysteries[458],Documentary,TBA,,,,,16
Untitled Alex Hirsch animated series[459],Animation,TBA,,,,,16
Untitled animated series from Chris Garbutt and Rikke Asbjoern[460],Animation,TBA,,,,,16
Untitled Anna Delvey series[461],Drama,TBA,,,,,16
Untitled Avatar: The Last Airbender live-action series[462],Fantasy,TBA,,,,,16
Untitled Chris Nee animated series[463],Animation,TBA,,,,,16
Untitled Chris Nee live-action series[463],Family,TBA,,,,,16
Untitled Cowboy Bebop live-action series[464],Science fiction,TBA,,,,,16
Untitled documentary series[465],Documentary,TBA,,,,,16
Untitled docu-series about Andy Warhol[328],Docuseries,TBA,,,,,16
Untitled docu-series about the Isabella Stewart Gardner Museum theft[466],Docu-series,TBA,,,,,16
Untitled docu-series about the murder of Grégory Villemin[467],Docu-series,TBA,,,,,16
Untitled docu-series from Zero Point Zero Production[468],Docu-series,TBA,,,,,16
Untitled French language historical drama[469],Historical drama,TBA,,,,,16
Untitled Jean-Xavier de Lestrade docu-series[470],Docu-series,TBA,,,,,16
"Untitled Jenji Kohan ""Teen Jesus"" comedy series[471]",Sitcom/satire,TBA,,,,,16
Untitled Lior Raz & Avi Issacharoff terrorism drama series[383],Drama,TBA,,,,,16
Untitled Loren Bouchard animated series[472],Animation,TBA,,,,,16
Untitled Michaela Coel comedy series[473],Dark comedy,TBA,,,,,16
Untitled Halston miniseries[328],Drama miniseries,TBA,,,,,16
Untitled Norse mythology anime series[474],Anime,TBA,,,,,16
Untitled Paranormal adaptation[475],Arabic language supernatural drama,TBA,,,,,16
Untitled Prince docu-series[476],Documentary,TBA,,,,,16
Untitled Recursion adaptation[477],Science-Fiction,TBA,,,,,16
Untitled Resident Evil series[478],Horror,TBA,,,,,16
Untitled Ryan Quincy animated series[479],Animation,TBA,,,,,16
Untitled scripted series (co-production with Univision)[465],Spanish language scripted series,TBA,,,,,16
Untitled series about the death of Alberto Nisman[480],Documentary miniseries,TBA,,,,,16
Untitled thriller from Mexico[341],Spanish language thriller,TBA,,,,,16
Untitled Sword Art Online live-action drama series[481],Drama,TBA,,,,,16
Untitled Vampires drama series[482],French language series,TBA,,,,,16
Untitled The Chronicles of Narnia series[483],Fantasy,TBA,,,,,16
Untitled unscripted lifestyle series[484],Reality,TBA,,,,,16
Vampire in the Garden[370],Anime,TBA,,,,,16
Virgin River[426],Romance drama,TBA,,,,,16
Viva La Madness[485],Crime drama,TBA,,,,,16
Warrior Nun[257],Drama,TBA,,,,,16
What The Love? With Karan Johar[486],Dating show,TBA,,,,,16
White Lines[487],Drama,TBA,,,,,16
Yasuke[305],Anime,TBA,,,,,16
Young Wallander[488],Detective drama,TBA,,,,,16
Zero[489],Italian language superhero series,TBA,,,,,16
You (season 2)[490],Thriller,2019,"1 season, 10 episodes",TBA,,,17
Zumbo's Just Desserts (season 2)[491],Baking reality competition,2019,"1 season, 12 episodes",TBA,,,17
21 Thunder,"Sports, Drama",,"1 season, 8 episodes",,,,18
After Trek,Talk Show,,"1 season, 14 episodes",,,,18
Bad Blood,Drama,,"2 seasons, 14 episodes",,,,18
Better Call Saul,Drama,,"4 seasons, 31 episodes",,,,18
Black Lightning,Superhero,,"2 seasons, 29 episodes",,,,18
Bodyguard,Political thriller,,"1 season, 6 episodes",,,,18
Borgia,Historical fiction,,"3 seasons, 38 episodes",,,,18
Champions,Comedy-drama,,"1 season, 10 episodes",,,,18
Chewing Gum,Sitcom,,"2 seasons, 12 episodes",,,,18
Comedians in Cars Getting Coffee (seasons 1–9),Comedy,,"4 collections, 59 episodes (1 episode missing)",,,,18
Crashing,Comedy-drama,,"1 season, 6 episodes",,,,18
Creeped Out,Horror fantasy drama,,"2 seasons, 19 episodes",,,,18
Cuckoo,Comedy,,"5 seasons, 33 episodes",,,,18
Derry Girls,Comedy,,"2 seasons, 12 episodes",,,,18
Derek,Comedy-drama,,"3 seasons, 14 episodes",,,,18
Designated Survivor (seasons 1–2),Political drama,,"2 seasons, 43 episodes",,,,18
Dirty John,True crime anthology,,"1 season, 8 episodes",,,,18
Dynasty,Soap opera,,"2 seasons, 44 episodes",,,,18
From Dusk till Dawn,Drama,,"3 seasons, 30 episodes",,,,18
Ghost Wars,Science-fiction,,"1 season, 13 episodes",,,,18
Glitch (season 1),Paranormal-drama,,"1 season, 6 episodes",,,,18
Good Girls,Comedy-drama,,"2 seasons, 23 episodes",,,,18
Great News,Comedy,,"2 seasons, 23 episodes",,,,18
Greenleaf,Drama,,"3 seasons, 42episodes",,,,18
Guilt,Murder mystery,,"1 season, 10 episodes",,,,18
Happy!,Crime drama Comedy,,"2 seasons, 18 episodes",,,,18
Happy Valley,Crime drama,,"2 seasons, 12 episodes",,,,18
London Spy,Drama,,"1 season, 5 episodes",,,,18
Mako Mermaids: An H2O Adventure,Children/teen drama fantasy,,"3 seasons, 52 episodes [g]",,,,18
Manhunt: Unabomber,Drama,,"1 season, 8 episodes",,,,18
Marcella,Film noir/Crime drama,,"2 seasons, 16 episodes",,,,18
Marlon,Sitcom,,"2 seasons, 20 episodes",,,,18
Norsemen,Comedy Historical drama,,"2 seasons, 12 episodes",,,,18
Orphan Black,Science fiction/thriller,,"5 seasons, 50 episodes",,,,18
Outlander,Science fiction/historical drama,,"4 seasons, 52 episodes",,,,18
Peaky Blinders,Crime drama,,"5 seasons, 30 episodes",,,,18
Penny Dreadful,Horror drama,,"3 seasons, 27 episodes",,,,18
Pompidou,Comedy,,"1 season, 6 episodes",,,,18
ReBoot: The Guardian Code,Science fiction,,"2 seasons, 20 episodes",,,,18
Retribution,Crime drama,,"1 season, 4 episodes",,,,18
River,Crime drama,,"1 season, 6 episodes",,,,18
Riverdale,Teen drama/Mystery,,"4 seasons, 58 episodesSeason 4 ongoing",,,,18
Scream,Horror anthology series,,"3 seasons, 30 episodes",,,,18
Secret City,Thriller/ Mystery,,"2 seasons, 12 episodes",,,,18
Shadowhunters,Drama,,"3 seasons, 55 episodes",,,,18
Shooter,Drama,,"3 seasons, 25 episodes",,,,18
Sick Note,Sitcom,,"2 seasons, 14 episodes",,,,18
Sisters,Family drama,,"1 season, 7 episodes",,,,18
Slasher (seasons 1–2),Horror anthology series,,"2 seasons, 16 episodes",,,,18
Snowpiercer,dystopian thriller,,TBA,,,,18
Some Assembly Required,Teen Comedy,,"3 seasons, 57 episodes",,,,18
Somewhere Between,Drama,,"1 season, 10 episodes",,,,18
Southcliffe,Drama,,"1 season, 4 episodes",,,,18
Star Trek: Discovery,Science fiction,,"2 seasons, 29 episodes",,,,18
Superstition,Supernatural drama,,"1 season, 12 episodes",,,,18
The 100,Action,,"4 seasons, 58 episodes",,,,18
The Alienist,Period drama,,10 episodes,,,,18
The A List,Teen drama,,"1 season, 13 episodes",,,,18
The Expanse,Science fiction,,"2 seasons, 23 episodes",,,,18
The Fall,Crime drama,,"3 seasons, 17 episodes",,,,18
The Frankenstein Chronicles,Period crime drama,,"2 seasons, 12 episodes",,,,18
The Good Place,Fantasy sitcom,,"4 seasons, 38 episodesSeason 4 ongoing",,,,18
The Indian Detective,Comedy,,"1 season, 4 episodes",,,,18
The InBESTigators,Children comedy,,"1 season, 10 episodes",,,,18
The Last Kingdom (season 1),Historical fiction,,"1 season, 8 episodes",,,,18
The Magicians,Fantasy,,"4 seasons, 47 episodes",,,,18
The Missing,Psychological drama Mystery Thriller,,"3 seasons, 24 episodes",,,,18
The Mist,Horror,,"1 season, 10 episodes",,,,18
The Returned,Drama,,"1 season, 10 episodes",,,,18
The Sinner,Drama,,"1 season, 8 episodes",,,,18
The Unlisted,Teen drama,,"1 season, 15 episodes",,,,18
Titans,Superhero,,"1 season, 11 episodes",,,,18
Unsolved,True crime,,"1 season, 10 episodes",,,,18
Van Helsing,Drama Horror Fantasy,,"3 seasons, 39 episodes",,,,18
Wanted,Drama,,"2 seasons, 12 episodes",,,,18
White Gold,Comedy,,"2 seasons, 12 episodes",,,,18
Workin' Moms,Comedy,,"3 seasons, 39 episodes",,,,18
You,Thriller,,"1 season, 10 episodes",,,,18
You Me Her,Romantic comedy,,"4 seasons, 40 episodes",,,,18
,Espionage Parody,,"2 seasons, 24 episodes",,,,19
,Science fiction,,"1 season, 6 episodes",,,,19
,Crime drama,,"2 seasons, 16 episodes",,,,19
,Comedy-drama,,"3 seasons, 18 episodes",,,,19
,Crime drama,,"1 season, 6 episodes",,,,19
,Crime thriller,,"1 season, 6 episodes",,,,19
,Thriller,,"1 season, 6 episodes",,,,19
,Police procedural,,"2 seasons, 20 episodes",,,,19
,Thriller,,"1 season, 6 episodes",,,,19
,Thriller,,"1 season, 6 episodes",,,,19
,Crime drama,,"1 season, 6 episodes",,,,19
,Crime drama,,"1 season, 10 episodes",,,,19
,Drama,,"2 seasons, 16 episodes",,,,20
,Period drama,,"1 season, 6 episodes",,,,20
,Drama history,,"1 season, 6 episodes",,,,20
,Historical drama,,"1 season, 3 episodes",,,,20
,Drama,,"1 season, 6 episodes",,,,20
,Drama,,20 episodes,,,,21
,Fantasy drama,,"1 season, 16 episodes",,,,21
,Drama,,"1 season, 8 episodes",,,,21
,Fantasy,,"1 season, 18 episodes",,,,21
,Police procedural,,"1 season, 16 episodes",,,,21
,Thriller,,"1 season, 18 episodes",,,,21
,Political drama,,"1 season, 10 episodes",,,,21
,Romantic comedy,,"1 season, 16 episodes",,,,21
,Drama,,"1 season, 16 episodes",,,,21
,Police procedural,,"1 season, 18 episodes",,,,21
,Korean drama,,"1 season, 16 episodes",,,,21
,Fantasy,,"1 season, 16 episodes",,,,21
,Period drama,,"1 season, 24 episodes",,,,21
,Period drama,,"1 season, 20 episodes",,,,21
,Romance drama,,"1 season, 16 episodes",,,,21
,Comedy,,"1 season, 16 episodes",,,,21
,Thriller,,"1 season, 16 episodes",,,,21
,Romantic comedy,,"1 season, 16 episodes",,,,21
,Period drama,,"1 season, 20 episodes",,,,21
,Thriller,,"1 season, 16 episodes",,,,21
,Drama,,"1 season, 3 episodes",,,,21
,Political drama,,TBA,,,,21
,Sitcom,,"1 season, 10 episodes",,,,21
,Sitcom,,"2 seasons, 20 episodes",,,,21
,Action Spy thriller Romance,,"1 season, 16 episodes",,,,21
,Drama,,"1 season, 20 episodes",,,,21
,Romantic comedy thriller,,"1 season, 32 episodes",,,,21
,Drama,,"1 season, 24 episode",,,,22
,Drama,,"1 season, 12 episodes",,,,22
,Drama,,"1 season, 10 episodes",,,,22
,Romantic comedy,,"1 season, 30 episodes",,,,22
,Fantasy,,"1 season, 63 epsodes",,,,22
,Thriller,,"1 season, 3 episodes",,,,22
,Drama,,"1 season, 6 episodes",,,,22
,Drama,,"1 season, 24 episodes",,,,22
,Drama,,"1 season, 30 episodes",,,,22
,Romantic comedy,,"1 season, 49 episodes",,,,22
,Drama,,"1 season, 5 episodes",,,,22
,Comedy,,"1 season, 30 episodes",,,,22
,Period drama,,"1 season, 70 episodes",,,,22
,Science fiction thriller,,"1 season, 7 episodes",,,,22
,Romance,,"1 season, 24 episodes",,,,22
,Romantic comedy,,"1 season, 20 episodes",,,,22
,Drama,,"1 season, 13 episodes",,,,23
,Biographical drama,,"1 season, 8 episodes",,,,23
,Period drama,,"1 season, 60 episodes[586]",,,,23
,Historical fiction,,"1 season, 8 episodes",,,,23
,Drama,,"1 season, 10 episodes",,,,23
,Drama,,"1 season, 38 episodes",,,,23
,Crime drama,,"3 seasons, 29 episodes",,,,23
,Comedy-drama,,"2 seasons, 23 episodes",,,,23
,Thriller,,"1 season, 10 episodes",,,,23
,Drama,,"1 season, 11 episodes",,,,23
,Drama,,"1 season, 86 episodes",,,,23
,Drama,,"2 seasons, 123 episodes",,,,23
,Drama,,"4 seasons, 40 episodes",,,,23
,Biographical drama,,"1 season, 13 episodes",,,,23
,Drama,,"1 season, 24 episodes",,,,23
,Drama,,"1 season, 15 episodes",,,,23
,Drama,,TBA,,,,23
,Historical Fiction,,"1 season, 13 episodes",,,,23
,Biography,,"1 season, 13 episodes",,,,23
,Drama,,"1 season, 10 episodes",,,,23
,Drama,,"1 season, 60 episodes",,,,23
,Science fiction drama,,"3 seasons, 34 episodes",,,,23
,Comedy,,"1 season, 63 episodes",,,,23
,Thriller,,"1 season, 13 episodes",,,,23
,Telenovela,,"2 seasons, 142 episodes",,,,23
,Drama,,"1 season, 13 episodes",,,,23
,Crime drama,,"1 season, 60 episodes",,,,23
,Thriller drama,,"1 season, 8 episodes",,,,23
,Comedy,,"1 season, 18 episodes",,,,24
,Drama,,"1 season, 13 episodes",,,,24
,Drama,,"1 season, 13 episodes",,,,24
,Drama,,"1 season, 13 episodes",,,,24
,Drama,,"1 season, 13 episodes",,,,24
,Drama,,"1 season, 13 episodes",,,,24
,Action,,"1 season, 13 episodes",,,,24
,Drama,,"1 season, 16 episodes",,,,24
,Drama,,"1 season, 13 episodes",,,,24
,Drama,,"1 season, 10 episodes",,,,25
,Drama,,"1 season, 4 episodes",,,,25
,Drama/thriller,,"2 seasons, 24 episodes",,,,25
,Historical fiction,,"2 seasons, 16 episodes",,,,25
,Historical fiction,,"1 season, 5 episodes",,,,25
,Comedy/Drama/Thriller,,"1 season, 10 episodes",,,,25
,Crime drama,,"1 season, 13 episodes",,,,26
,Crime drama,,"1 season, 13 episodes",,,,26
,Drama/Science fiction,,"1 season, 16 episodes",,,,26
,Police procedural,,"1 season, 6 episodes",,,,26
,Crime drama,,"1 season, 8 episodes",,,,26
,Comedy-drama,,"3 seasons, 30 episodes",,,,26
,Police procedural,,"1 season, 8 episodes",,,,26
,Crime drama,,"2 seasons, 21 episodes",,,,26
,Sitcom,,"1 season, 10 episodes",,,,26
,Police procedural,,"1 season, 12 episodes",,,,26
,Crime drama,,"1 season, 9 episodes",,,,26
,Crime drama,,"1 season, 12 episodes",,,,26
,Drama,,"1 season, 8 episodes",,,,26
,Mystery Drama,,"1 season, 10 episodes",,,,26
,Fantasy,,"1 season, 10 episodes",,,,26
,Drama,,"1 season, 8 episodes",,,,26
,Drama,,"1 season, 18 episodes",,,,26
,Comedy-drama,,"1 season, 26 episodes",,,,26
,Drama,,"1 season, 13 episodes",,,,26
,Drama,,"1 season, 10 episodes",,,,26
,War drama thriller,,"1 season, 8 episodes",,,,26
,Political thriller,,"2 seasons, 18 episodes",,,,26
,Comedy-drama,,"4 seasons, 32 episodes",,,,26
,Psychological thriller,,"1 season, 9 episodes",,,,26
,Comedy,,"1 season, 13 episodes",,,,26
,Drama,,"1 season, 12 episodes",,,,26
,Comedy-drama,,"2 seasons, 16 episodes",,,,26
,Crime drama,,"1 season, 10 episodes",,,,26
,Crime drama,,"4 seasons, 48 episodes",,,,26
,Crime drama,,"1 season, 6 episodes",,,,26
,Dark Comedy,,"1 season, 13 episodes",,,,26
,Thriller,,"1 season, 10 episodes",,,,26
,Drama,,"1 season, 6 episodes",,,,26
,Talent show,,"1 season, 7 episodes",,,,27
,Talent show,,"1 season, 7 episodes",,,,27
,Reality competition/Dance,,"2 seasons, 15 episodes",,,,27
,Reality,,"1 season, 7 episodes",,,,27
,Reality,,"1 season, 10 episodes",,,,27
,Reality,,"1 season, 5 episodes",,,,27
,Reality,,"2 seasons, 25 episodes",,,,27
,Reality,,"2 seasons, 19 episodes",,,,27
,Reality,,"2 seasons, 18 episodes",,,,27
,Reality,,"2 seasons, 12 episodes",,,,27
,Reality competition,,"1 season, 14 episodes",,,,27
,Reality competition,,"1 season, 12 episodes",,,,27
,Reality competition,,"2 seasons, 26 episodes",,,,27
,Baking reality competition,,"7 collections, 63 episodesCollection 7 ongoing",,,,27
,Baking reality competition,,"1 season, 2 episodes",,,,27
,Reality,,"1 season, 7 episodes",,,,27
,Reality,,"2 seasons, 20 episodes",,,,27
,Baking reality competition,,"1 season, 12 episodes",,,,27
,Docu-series,,"1 season, 12 episodes",,,,28
,Docu-series,,"2 seasons, 30 episodes",,,,28
,Docu-series,,"1 season, 4 episodes",,,,28
,Docu-series,,"1 season, 4 episodes",,,,28
,Docu-series,,"1 season, 7 episodes",,,,28
,Docu-series,,2 episodes,,,,28
,Docu-series,,"1 season, 3 episodes",,,,28
,Docu-series,,"1 season, 8 episodes",,,,28
,Docu-series,,"2 seasons, 12 episodes",,,,28
,Docu-series,,"2 seasons, 14 episodes",,,,28
,Docu-series,,"1 season, 4 episodes",,,,28
,Docu-series,,"1 season, 4 episodes",,,,28
,Docu-series,,"3 seasons, 12 episodes",,,,28
,Docu-series,,"1 season, 6 episodes",,,,28
,Docu-series,,"1 season, 4 episodes",,,,28
,Children's television series,,"1 season, 10 episodes",,,,29
,Action adventure,,"2 seasons, 50 episodes",,,,29
,Sci-fi comedy-drama,,"2 seasons, 23 episodes",,,,29
,Action adventure,,"3 seasons, 39 episodes",,,,29
,Adventure comedy,,"3 seasons, 40 episodes",,,,29
,Animated sitcom,,"1 season, 13 episodes",,,,29
,Children's television series,,"2 seasons, 26 episodes",,,,29
,Children's television series,,"1 season, 10 episodes",,,,29
,Adventure,,"3 seasons, 65 episodes",,,,29
,,,"2 seasons, 26 episodes",,,,30
,,,"1 season, 10 episodes",,,,30
,,,"2 parts, 18 episodes",,,,30
,,,"1 season, 12 episodes",,,,30
,,,"1 season, 12 episodes",,,,30
,,,"1 season, 12 episodes",,,,30
,,,"1 season, 25 episodes",,,,30
,,,"2 seasons, 13 episodes",,,,30
,,,"2 seasons, 24 episodes",,,,30
,,,"2 seasons, 40 episodes",,,,30
,,,"2 seasons, 30 episodes",,,,30
,,,"1 season, 12 episodes",,,,30
,,,"1 season, 12 episodes",,,,30
,,,"1 season, 11 episodes",,,,30
,,,"1 season, 3 episodes",,,,30
,,,"2 seasons, 24 episodes",,,,30
,,,"2 seasons, 24 episodes",,,,30
,,,"2 seasons, 26 episodes",,,,30
,,,"2 seasons, 26 episodes",,,,30
,,,"2 seasons, 25 episodes",,,,30
,,,"1 season, 13 episodes",,,,30
,,,"1 season, 12 episodes",,,,30
,,,"1 season, 12 episodes",,,,30
,,,"4 seasons, 52 episodes",,,,30
,,,"1 season, 13 episodes",,,,30
,,,"1 season, 13 episodes",,,,30
,,,,,,,31
,,,,,,,31
,,,,,,,31
,,,,,,,31
,,,,,,,32
,,,,,,,32
,,,,,,,32
,,,,,,,32
,,,,,,,32
,,,,,,,32
,,,,,,,32
,,,,,,,32
,,,,,,,32
,,,,,,,32
,,,,,,,32
,,,,,,,32
,,,,,,,32
,,,,,,,32
,,,,,,,32
,,,,,,,32
,,,,,,,32
,,,,,,,32
,,,,,,,32
,,,,,,,32
,,,,,,,32
,,,,,,,32
,,,,,,,33
,,,,,,,33
,,,,,,,33
,,,,,,,33
,,,,,,,34
,,,,,,,35
,,,,,,,35
,,,,,,,35
,,,,,,,35
,,,,,,,36
,,,,,,,37
,,,,,,,37
,,,,,,,37
,,,,,,,37
,,,,,,,38
,,,,,,,39
,,,,,,,39
,,,,,,,40
,,,,,,,40
,,,,,,,40
,,,,,,,40
,,,,,,,40
,,,,,,,40
,,,,,,,40
,,,,,,,41
,,,,,,,41
,,,,,,,41
,,,,,,,41
,,,,,,,42
,,,,,,,42
,,,,,,,42
,,,,,,,42
,,,,,,,43
,,,,,,,43
,,,,,,,43
,,,,,,,43
,,,,,,,43
,,,,,,,43
,,,,,,,43
,,,,,,,43
,,,,,,,43
,,,,,,,43
,,,,,,,43
,,,,,,,43
,,,,,,,43
,,,,,,,43
,,,,,,,43
,,,,,,,43
,,,,,,,43
,,,,,,,43
,,,,,,,43
,,,,,,,43
,,,,,,,43
,,,,,,,43
,,,,,,,43
,,,,,,,43
,,,,,,,43
,,,,,,,43
,,,,,,,43
,,,,,,,43
,,,,,,,43
,,,,,,,43
,,,,,,,43
,,,,,,,43
,,,,,,,43
,,,,,,,43
,,,,,,,43
,,,,,,,43
,,,,,,,43
,,,,,,,43
,,,,,,,43
,,,,,,,43
,,,,,,,43
,,,,,,,43
,,,,,,,43
,,,,,,,43
,,,,,,,43
,,,,,,,43
,,,,,,,43
,,,,,,,43
,,,,,,,43
,,,,,,,43
,,,,,,,43
,,,,,,,43
,,,,,,,43
,,,,,,,43
,,,,,,,43
,,,,,,,43
,,,,,,,43
,,,,,,,43
,,,,,,,43
,,,,,,,43
,,,,,,,43
,,,,,,,43
,,,,,,,43
,,,,,,,43
,,,,,,,43
,,,,,,,43
,,,,,,,44
,,,,,,,45
,,,,,,,45
,,,,,,,45
,,,,,,,45
,,,,,,,46
,,,,,,,46
,,,,,,,47
,,,,,,,47
,,,,,,,47
,,,,,,,47
,,,,,,,47
,,,,,,,48
,,,,,,,48
,,,,,,,48
,,,,,,,49
,,,,,,,49
,,,,,,,49
,,,,,,,49
,,,,,,,49
,,,,,,,50
,,,,,,,50
,,,,,,,50
,,,,,,,51
,,,,,,,51
,,,,,,,51
,,,,,,,52
,,,,,,,53
,,,,,,,53
,,,,,,,53
,,,,,,,53
,,,,,,,53
,,,,,,,53
,,,,,,,53
,,,,,,,53
,,,,,,,53
,,,,,,,53
,,,,,,,53
,,,,,,,53
,,,,,,,53
,,,,,,,54
,,,,,,,54
,,,,,,,54
,,,,,,,54
,,,,,,,54
,,,,,,,54
,,,,,,,54
,,,,,,,54
,,,,,,,54
,,,,,,,54
,,,,,,,54
,,,,,,,55
,,,,,,,55
,,,,,,,55
,,,,,,,56
,,,,,,,57
,,,,,,,57
,,,,,,,57
,,,,,,,57
,,,,,,,57
,,,,,,,58
,,,,,,,58
,,,,,,,58
,,,,,,,59
,,,,,,,60
,,,,,,,60
,,,,,,,60
,,,,,,,61
,,,,,,,62
