id,username,date,text,hashtags,geo,type,state,tweet,road_closure
1187452569204867073,CaltransHQ,2019-10-24 19:35:28,rt  countyofsonoma  actualizaci√≥n de kincade fire  centros de evacuacion   ,[],,official,Florida,RT  CountyofSonoma  Actualizaci√≥n de Kincade Fire  Centros de Evacuacion   ,0
1187451574165082112,CALFIRE_PIO,2019-10-24 19:31:31,#rt  cal fire  new incident  #muirfire off highway 1 and panoramic hwy stinson beach in marin county is 40 acres ‚Ä¶  ,"[{'text': 'RT', 'indices': [0, 3]}, {'text': 'MuirFire', 'indices': [29, 38]}]",,official,Florida,#RT  CAL FIRE  New incident  #MuirFire off Highway 1 and Panoramic Hwy Stinson Beach in Marin County is 40 acres ‚Ä¶  ,1
1187451571644305411,CALFIRE_PIO,2019-10-24 19:31:31,#rt  cal fire  #kincadefire  update  for live video of the press briefing please visit   ,"[{'text': 'RT', 'indices': [0, 3]}, {'text': 'KincadeFire', 'indices': [15, 27]}]",,official,Florida,#RT  CAL FIRE  #KincadeFire  update  For live video of the press briefing please visit   ,0
1187451568276361217,CALFIRE_PIO,2019-10-24 19:31:30,#rt  cal fire  #kincadefire  update  cal fire and sonoma county sheriff‚Äôs officials will provide an update on the c‚Ä¶  ,"[{'text': 'RT', 'indices': [0, 3]}, {'text': 'KincadeFire', 'indices': [15, 27]}]",,official,Florida,#RT  CAL FIRE  #KincadeFire  update  CAL FIRE and Sonoma County Sheriff‚Äôs officials will provide an update on the c‚Ä¶  ,0
1187449045536706560,CALFIRESANDIEGO,2019-10-24 19:21:28,  calfiresandiego is aware of two fires burning in mexico  neither pose a threat to the us at this time however we‚Ä¶  ,[],,official,Florida,  CALFIRESANDIEGO is aware of two fires burning in Mexico  Neither pose a threat to the US at this time however we‚Ä¶  ,0
1187448453367914497,CAL_FIRE,2019-10-24 19:19:07,new incident  #muirfire off highway 1 and panoramic hwy stinson beach in marin county is 40 acres  lead agency ‚Ä¶  ,"[{'text': 'MuirFire', 'indices': [14, 23]}]",,official,Florida,New incident  #MuirFire off Highway 1 and Panoramic Hwy Stinson Beach in Marin County is 40 acres  Lead agency ‚Ä¶  ,1
1187446812535246848,CaltransDist3,2019-10-24 19:12:36,rt  calfire butteco  much of #buttecounty remains under a red flag warning today   in response to this we have stopped work on various fue‚Ä¶,"[{'text': 'ButteCounty', 'indices': [29, 41]}]",,official,Florida,RT  CALFIRE ButteCo  Much of #ButteCounty remains under a Red Flag Warning today   In response to this we have stopped work on various fue‚Ä¶,1
1187444073893777408,CAL_FIRE,2019-10-24 19:01:43,#kincadefire  update  for live video of the press briefing please visit   ,"[{'text': 'KincadeFire', 'indices': [0, 12]}]",,official,Florida,#KincadeFire  update  For live video of the press briefing please visit   ,0
1187435865657626624,CaltransHQ,2019-10-24 18:29:06,rt  caltrans8  caltrans is working with usfs and san bernardino county fire on the #oldwaterfire incident which has sr 18 closed from 40th‚Ä¶,"[{'text': 'OldWaterFire', 'indices': [83, 96]}]",,official,Florida,RT  Caltrans8  Caltrans is working with USFS and San Bernardino County Fire on the #OldWaterFire incident which has SR 18 closed from 40th‚Ä¶,1
1187431303081152513,CaltransHQ,2019-10-24 18:10:58,rt  nwslosangeles  critical fire weather conditions thru friday w  wind gusts 40-70 mph &amp  very low humidity esp  over the mtns  red flag wa‚Ä¶,[],,official,Florida,RT  NWSLosAngeles  Critical fire weather conditions thru Friday w  wind gusts 40-70 mph &amp  very low humidity esp  over the Mtns  Red Flag Wa‚Ä¶,1
1187428652398477312,CALFIRE_MEU,2019-10-24 18:00:26,check out my  favorite pages  collection on google   ,[],,official,Florida,Check out my  Favorite pages  collection on Google   ,0
1187428362035154945,VCFD,2019-10-24 17:59:17,rt  vcfd pio  the additional equipment in ventura county has been assembled and briefed on current conditions and plans adding an extra 15‚Ä¶,[],,official,Florida,RT  VCFD PIO  The additional equipment in Ventura County has been assembled and briefed on current conditions and plans adding an extra 15‚Ä¶,0
1187426875930374144,CAL_FIRE,2019-10-24 17:53:23,#kincadefire  update  cal fire and sonoma county sheriff‚Äôs officials will provide an update on the current status o‚Ä¶  ,"[{'text': 'KincadeFire', 'indices': [0, 12]}]",,official,Florida,#KincadeFire  update  CAL FIRE and Sonoma County Sheriff‚Äôs officials will provide an update on the current status o‚Ä¶  ,1
1187426384550887424,CALFIRELNU,2019-10-24 17:51:26,"#kincadefire press conference announcement
#calfirelnu #calfire  ","[{'text': 'KINCADEFIRE', 'indices': [0, 12]}, {'text': 'CALFIRELNU', 'indices': [43, 54]}, {'text': 'CALFIRE', 'indices': [55, 63]}]",,official,Florida,"#KINCADEFIRE PRESS CONFERENCE ANNOUNCEMENT
#CALFIRELNU #CALFIRE  ",0
1187425096056442880,CaltransHQ,2019-10-24 17:46:18,rt  cal oes  current statewide fire map as of 8am this morning showing location of active fires  for the latest fire information check out‚Ä¶,[],,official,Florida,RT  Cal OES  Current statewide fire map as of 8am this morning showing location of active fires  For the latest fire information check out‚Ä¶,1
1187423179381149696,CaltransHQ,2019-10-24 17:38:41,rt  cagovernor  live now   gavinnewsom delivers a briefing on the utility company public safety power shutoffs and fire threats throughout‚Ä¶,[],,official,Florida,RT  CAgovernor  LIVE NOW   GavinNewsom delivers a briefing on the utility company Public Safety Power Shutoffs and fire threats throughout‚Ä¶,0
1187421878979162113,CaltransHQ,2019-10-24 17:33:31,rt  cal oes  if your power is out pg&amp e community resource centers are available throughout california with restrooms bottled water a c‚Ä¶,[],,official,Florida,RT  Cal OES  If your power is out PG&amp E Community Resource Centers are available throughout California with restrooms bottled water A C‚Ä¶,0
1187419313742864384,CaltransHQ,2019-10-24 17:23:20,"rt  fema  if you are in an area at risk for wildfires stay safe 

üîπ if authorities tell you to evacuate leave quickly 

üîπ pay attention t‚Ä¶",[],,official,Florida,"RT  fema  If you are in an area at risk for wildfires stay safe 

üîπ If authorities tell you to evacuate leave quickly 

üîπ Pay attention t‚Ä¶",1
1187418978991271936,VCFD,2019-10-24 17:22:00,rt  sce  due to weather conditions that may create the potential for elevated fire risk public safety power shutoffs are under considerati‚Ä¶,[],,official,Florida,RT  SCE  Due to weather conditions that may create the potential for elevated fire risk Public Safety Power Shutoffs are under considerati‚Ä¶,0
1187418190474702848,CaltransHQ,2019-10-24 17:18:52,rt  placervillepd  oct  21-25 is national school bus safety week  remember to stop on red for buses  it not only keeps kids getting on or o‚Ä¶,[],,official,Florida,RT  placervillepd  Oct  21-25 is National School Bus Safety Week  Remember to stop on red for buses  It not only keeps kids getting on or o‚Ä¶,0
1187417973369106432,CaltransHQ,2019-10-24 17:18:00,rt  cal oes  the time is now to prepare  do not wait until instructed to evacuate  create a disaster preparedness plan build an emergency‚Ä¶,[],,official,Florida,RT  Cal OES  The time is NOW to prepare  Do not wait until instructed to evacuate  Create a disaster preparedness plan build an emergency‚Ä¶,0
1187417025984876544,CALFIREAEU,2019-10-24 17:14:14,10 20 update #princefire - vegetation fire has been held to less than an acre  firefighters will remain on scene to continue to mop up ,"[{'text': 'PrinceFire', 'indices': [13, 24]}]",,official,Florida,10 20 Update #PrinceFire - Vegetation Fire has been held to less than an acre  Firefighters will remain on scene to continue to mop up ,0
1187414546534686720,CaltransHQ,2019-10-24 17:04:23,"rt  nwssacramento  üî• heres the latest fire weather outlook  

‚ö†Ô∏èextreme fire weather conditions are likely this weekend  now is the time t‚Ä¶",[],,official,Florida,"RT  NWSSacramento  üî• Heres the latest fire weather outlook  

‚ö†Ô∏èExtreme fire weather conditions are likely this weekend  Now is the time t‚Ä¶",1
1187414506453909505,CaltransHQ,2019-10-24 17:04:14,"rt  cagovernor  we are monitoring the #kincadefire that broke out overnight  evacuations are underway now  

follow  cal fire for new updat‚Ä¶","[{'text': 'KincadeFire', 'indices': [38, 50]}]",,official,Florida,"RT  CAgovernor  We are monitoring the #KincadeFire that broke out overnight  Evacuations are underway now  

Follow  CAL FIRE for new updat‚Ä¶",0
1187414254682402816,CaltransD2,2019-10-24 17:03:14,from  nwssacramento   fire weather outlook for today  10 24  through monday  10 28    #cawx  ,"[{'text': 'CAwx', 'indices': [86, 91]}]",,official,Florida,From  NWSSacramento   Fire Weather Outlook for today  10 24  through Monday  10 28    #CAwx  ,0
1187413433366401024,CaltransHQ,2019-10-24 16:59:58,rt  cagovernor  watch live at 10 00 am as  gavinnewsom joins  cal fire  cal oes &amp   chhsagency officials for a briefing on the utility compa‚Ä¶,[],,official,Florida,RT  CAgovernor  Watch live at 10 00 AM as  GavinNewsom joins  CAL FIRE  Cal OES &amp   CHHSAgency officials for a briefing on the utility compa‚Ä¶,0
1187413204411928576,CALFIREAEU,2019-10-24 16:59:03,firefighters are at scene of a shed fire with small extension into the vegetation in the area of black price road a‚Ä¶  ,[],,official,Florida,Firefighters are at scene of a shed fire with small extension into the vegetation in the area of Black Price Road a‚Ä¶  ,1
1187410183158259712,CaltransD5,2019-10-24 16:47:03,update  both lanes of #hwy101 thru pismo are now open but expect residual traffic delays ,"[{'text': 'Hwy101', 'indices': [22, 29]}]",,official,Florida,Update  both lanes of #Hwy101 thru Pismo are now OPEN but expect residual traffic delays ,0
1187409144933863424,CaltransD5,2019-10-24 16:42:55,sigalert update  heavy traffic along northbound #hwy101 thru #pismobeach due to 3-car crash so use caution &amp  price‚Ä¶  ,"[{'text': 'Hwy101', 'indices': [48, 55]}, {'text': 'PismoBeach', 'indices': [61, 72]}]",,official,Florida,SigAlert Update  heavy traffic along northbound #Hwy101 thru #PismoBeach due to 3-car crash so use caution &amp  Price‚Ä¶  ,1
1187408510381748224,CALFIRE_SLO,2019-10-24 16:40:24,#wadsworthic #fivecitiesfire  ,"[{'text': 'WadsworthIC', 'indices': [0, 12]}, {'text': 'FiveCitiesFire', 'indices': [13, 28]}]",,official,Florida,#WadsworthIC #FiveCitiesFire  ,0
1187407785442463744,CaltransHQ,2019-10-24 16:37:31,rt  cal oes  state operations center is activated 24 7 for the #psps events and monitoring the #kincadefire and #oldwaterfire as well as an‚Ä¶,"[{'text': 'PSPS', 'indices': [63, 68]}, {'text': 'KincadeFire', 'indices': [95, 107]}, {'text': 'OldWaterFire', 'indices': [112, 125]}]",,official,Florida,RT  Cal OES  State Operations Center is activated 24 7 for the #PSPS events and monitoring the #KincadeFire and #OldWaterFire as well as an‚Ä¶,1
1187406685976985600,CaltransD2,2019-10-24 16:33:09,update   sr 139 approximately 2 miles north of newell  modoc county  - traffic has returned to normal following so‚Ä¶  ,[],,official,Florida,UPDATE   SR 139 approximately 2 miles north of Newell  Modoc County  - Traffic has returned to normal following so‚Ä¶  ,0
1187406389032837125,CALFIRE_HUU,2019-10-24 16:31:58,rt  nwseureka  keep these safety tips in mind  a red flag warning continues today for portions of northwest california and another offshor‚Ä¶,[],,official,Florida,RT  NWSEureka  Keep these safety tips in mind  A Red Flag Warning continues today for portions of northwest California and another offshor‚Ä¶,0
1187405405120393221,CaltransDist7,2019-10-24 16:28:04,santa clarita  sb state route 14 from agua dulce cyn rd to soledad rd right lane closed until 2 30 pm for removal o‚Ä¶  ,[],,official,Florida,Santa Clarita  SB State Route 14 from Agua Dulce Cyn Rd to Soledad Rd right lane closed until 2 30 pm for removal o‚Ä¶  ,1
1187404540317859840,CaltransHQ,2019-10-24 16:24:37,rt  countyofsonoma  evac centers  sonoma county fairgrounds will open at 8 00am  healdsburg community center remains open  windsor hs is cl‚Ä¶,[],,official,Florida,RT  CountyofSonoma  EVAC CENTERS  Sonoma County Fairgrounds will open at 8 00AM  Healdsburg Community Center remains open  Windsor HS is cl‚Ä¶,0
1187404353725857792,CaltransD2,2019-10-24 16:23:53,update   northbound i-5 north of junction with sr 44  shasta county  - traffic is returning to normal following fi‚Ä¶  ,[],,official,Florida,UPDATE   Northbound I-5 north of junction with SR 44  Shasta County  - Traffic is returning to normal following fi‚Ä¶  ,1
1187404255050657792,CaltransDist3,2019-10-24 16:23:29,wise words from your neighborhood batman courtesy of  chpsouthlake  be safe this halloween  üéÉ‚Ä¶  ,[],,official,Florida,Wise words from your neighborhood Batman courtesy of  CHPSouthLake  Be safe this Halloween  üéÉ‚Ä¶  ,0
1187403709703245824,CaltransHQ,2019-10-24 16:21:19,rt  nwslosangeles  #redflagwarning in effect through friday evening for #venturacounty &amp  most of #losangeles county  wind gusts to 25-65 mp‚Ä¶,"[{'text': 'RedFlagWarning', 'indices': [19, 34]}, {'text': 'VenturaCounty', 'indices': [72, 86]}, {'text': 'LosAngeles', 'indices': [101, 112]}]",,official,Florida,RT  NWSLosAngeles  #RedFlagWarning in effect through Friday evening for #VenturaCounty &amp  most of #LosAngeles County  Wind gusts to 25-65 mp‚Ä¶,0
1187403419931176961,CaltransD2,2019-10-24 16:20:10,update   northbound i-5 north of junction with sr 44  shasta county  - #3 lane now open at hilltop overcrossing  t‚Ä¶  ,[],,official,Florida,UPDATE   Northbound I-5 north of junction with SR 44  Shasta County  - #3 lane now open at Hilltop overcrossing  t‚Ä¶  ,0
1187403337148190720,CaltransHQ,2019-10-24 16:19:51,"rt  gavinnewsom  thank you to all the firefighters &amp  first responders who are on the scene working to contain the #kincadefire 

the image‚Ä¶","[{'text': 'KincadeFire', 'indices': [119, 131]}]",,official,Florida,"RT  GavinNewsom  Thank you to all the firefighters &amp  first responders who are on the scene working to contain the #KincadeFire 

The image‚Ä¶",1
1187402444398981120,CaltransD2,2019-10-24 16:16:18,traffic alert   northbound i-5 near junction with sr 44  shasta county  - #3 lane is currently blocked due to emer‚Ä¶  ,[],,official,Florida,TRAFFIC ALERT   Northbound I-5 near junction with SR 44  Shasta County  - #3 lane is currently blocked due to emer‚Ä¶  ,1
1187402357409083392,CALFIRE_SLO,2019-10-24 16:15:57, update  #wadsworthic two patients one has been extricated both lanes of north bound hwy 101 are blocked ,"[{'text': 'WadsworthIC', 'indices': [9, 21]}]",,official,Florida, UPDATE  #WadsworthIC Two patients one has been extricated both lanes of North Bound HWY 101 are blocked ,1
1187400884969361409,CALFIRE_SLO,2019-10-24 16:10:06,traffic collision  north bound hwy 101 cross of wadsworth ave off ramp  #wadsworthic 3-4 vehicles involved with ext‚Ä¶  ,"[{'text': 'WadsworthIC', 'indices': [72, 84]}]",,official,Florida,Traffic Collision  North Bound HWY 101 cross of Wadsworth Ave off ramp  #WadsworthIC 3-4 vehicles involved with ext‚Ä¶  ,1
1187395967546347520,CaltransHQ,2019-10-24 15:50:34,"state highway closure 10 24 8 50    pt

state route 128 between geyserville and jimtown is closed due to the‚Ä¶  ",[],,official,Florida,"STATE HIGHWAY CLOSURE 10 24 8 50    PT

State Route 128 between Geyserville and Jimtown is closed due to the‚Ä¶  ",1
1187391329740832768,CaltransDist3,2019-10-24 15:32:08,sr160 paintersville bridge is closed for maintenance work until 4    today   ,[],,official,Florida,SR160 Paintersville Bridge is closed for maintenance work until 4    today   ,1
1187391087117246465,CALFIRE_PIO,2019-10-24 15:31:10,#rt  cal fire  rt  lafd  update brush fire #palisadesfire  inc#0580  7 30pm    pacific palis‚Ä¶  ,"[{'text': 'RT', 'indices': [0, 3]}, {'text': 'PalisadesFire', 'indices': [43, 57]}]",,official,Florida,#RT  CAL FIRE  RT  LAFD  Update Brush Fire #PalisadesFire  INC#0580  7 30PM    Pacific Palis‚Ä¶  ,0
1187391085766725632,CALFIRE_PIO,2019-10-24 15:31:10,"#rt  cal fire  rt  sanbernardinonf  #oldwaterfire update 

- the fire information call center is now open  the publ‚Ä¶  ","[{'text': 'RT', 'indices': [0, 3]}, {'text': 'OldWaterFire', 'indices': [36, 49]}]",,official,Florida,"#RT  CAL FIRE  RT  SanBernardinoNF  #OldWaterFire update 

- The fire information call center is now open  The publ‚Ä¶  ",0
1187391084424581121,CALFIRE_PIO,2019-10-24 15:31:09,#rt  cal fire  #oldwaterfire update  - the fire information call center is now open  the public can call  909  383-‚Ä¶  ,"[{'text': 'RT', 'indices': [0, 3]}, {'text': 'OldWaterFire', 'indices': [15, 28]}]",,official,Florida,#RT  CAL FIRE  #OldWaterFire update  - The fire information call center is now open  The public can call  909  383-‚Ä¶  ,0
1187389301853605888,ShastaHHSA,2019-10-24 15:24:04,our thoughts are with our neighbors to the south in sonoma county  a sobering reminder that our fire danger here is‚Ä¶  ,[],,official,Florida,Our thoughts are with our neighbors to the south in Sonoma County  A sobering reminder that our fire danger here is‚Ä¶  ,0
1187384502399594496,CountyVentura,2019-10-24 15:05:00,"update from  vcfd pio 
-
los bomberos est√°n respondiendo a un incendio en saticoy en las calles la ave y vineyard c‚Ä¶  ",[],,official,Florida,"Update from  VCFD PIO 
-
Los bomberos est√°n respondiendo a un incendio en Saticoy en las calles LA Ave y Vineyard c‚Ä¶  ",0
1187384432157528064,CALFIRE_SLO,2019-10-24 15:04:43,#kincadefire that started at 9 24 last night has grown to 10000 acres overnight north east of gyserville ca  inci‚Ä¶  ,"[{'text': 'KincadeFire', 'indices': [0, 12]}]",,official,Florida,#KincadeFire that started at 9 24 last night has grown to 10000 acres overnight North East of Gyserville Ca  Inci‚Ä¶  ,1
1187384419222319108,CaltransDist10,2019-10-24 15:04:40,#trafficalert #sanjoaquin please be mindful of sweeping crews on southbound sr-99 from turner road in lodi to sr-4 ‚Ä¶  ,"[{'text': 'TrafficAlert', 'indices': [0, 13]}, {'text': 'SanJoaquin', 'indices': [14, 25]}]",,official,Florida,#TrafficAlert #SanJoaquin Please be mindful of sweeping crews on southbound SR-99 from Turner Road in Lodi to SR-4 ‚Ä¶  ,1
1187384156524646400,CaltransDist3,2019-10-24 15:03:38,rt  nwssacramento  critical fire weather conditions continue through this afternoon  avoid outdoor activities that could spark a fire  #caw‚Ä¶,[],,official,Florida,RT  NWSSacramento  Critical fire weather conditions continue through this afternoon  Avoid outdoor activities that could spark a fire  #CAw‚Ä¶,0
1187383326866206720,CaltransD2,2019-10-24 15:00:20,alert  nb sb modoc sr 139 -- traffic is slowing approx 2 miles north of newell due a vehicle vs ditch ,[],,official,Florida,ALERT  NB SB Modoc SR 139 -- Traffic is slowing approx 2 miles north of Newell due a vehicle vs ditch ,0
1187380275799416837,CaltransDist7,2019-10-24 14:48:12,rt  my5la  get answers to your questions about i-5 construction in #burbank &amp  #glendale at our free open house 6-8pm today  10 24   come an‚Ä¶,"[{'text': 'Burbank', 'indices': [67, 75]}, {'text': 'Glendale', 'indices': [82, 91]}]",,official,Florida,RT  My5LA  Get answers to your questions about I-5 construction in #Burbank &amp  #Glendale at our free Open House 6-8pm today  10 24   Come an‚Ä¶,0
1187378250240020485,VCFD,2019-10-24 14:40:09,rt  sce  stay safe and comfortable during an outage  we have some tips to help you prepare for a public safety power shutoff event  https  ‚Ä¶,[],,official,Florida,RT  SCE  Stay safe and comfortable during an outage  We have some tips to help you prepare for a Public Safety Power Shutoff event  https  ‚Ä¶,0
1187378228769492993,VCFD,2019-10-24 14:40:04,rt  sce  üìå due to weather conditions that may create the potential for elevated fire risk public safety power shutoffs are under considera‚Ä¶,[],,official,Florida,RT  SCE  üìå Due to weather conditions that may create the potential for elevated fire risk Public Safety Power Shutoffs are under considera‚Ä¶,0
1187377636449935361,VCFD,2019-10-24 14:37:43,rt  alertnwarning  latest update oes received tonight from  sce is that 66 of our circuits in ventura county are being monitored for psps ‚Ä¶,[],,official,Florida,RT  ALERTnWARNING  Latest update OES received tonight from  SCE is that 66 of our circuits in Ventura County are being monitored for PSPS ‚Ä¶,0
1187377555957047296,VCFD,2019-10-24 14:37:24,rt  alertnwarning  as of 11 45pm  sce has de-energized the castro circuit impacting residents of santa paula and santa paula hospital  no‚Ä¶,[],,official,Florida,RT  ALERTnWARNING  As of 11 45PM  sce has de-energized the Castro circuit impacting residents of Santa Paula and Santa Paula Hospital  No‚Ä¶,0
1187377546205118465,CaltransDist7,2019-10-24 14:37:22,rt  caltransoc  fyi  santiago canyon rd from sr-241 to loma ridge is currently closed due to a brush fire started by an earlier car fire  #‚Ä¶,[],,official,Florida,RT  CaltransOC  FYI  Santiago Canyon Rd from SR-241 to Loma Ridge is currently closed due to a brush fire started by an earlier car fire  #‚Ä¶,1
1187377127038976000,CountyVentura,2019-10-24 14:35:42,"school update from  venturacoe 
-
la escuela mupu estar√° cerrada hoy jueves 24 de octubre de 2019 debido a fuertes‚Ä¶  ",[],,official,Florida,"School update from  VenturaCOE 
-
La escuela Mupu estar√° cerrada hoy jueves 24 de octubre de 2019 debido a fuertes‚Ä¶  ",0
1187373715505455104,ShastaHHSA,2019-10-24 14:22:08,fill your belly with hot soup and let it warm your heart as you support low-income seniors in our community  join u‚Ä¶  ,[],,official,Florida,Fill your belly with hot soup and let it warm your heart as you support low-income seniors in our community  Join u‚Ä¶  ,0
1187370131929698310,CAL_FIRE,2019-10-24 14:07:54,rt  lafd  update brush fire #palisadesfire  inc#0580  7 30pm    pacific palisades  the fires footprint remains at 4‚Ä¶,"[{'text': 'PalisadesFire', 'indices': [28, 42]}]",,official,Florida,RT  LAFD  Update Brush Fire #PalisadesFire  INC#0580  7 30PM    Pacific Palisades  The fires footprint remains at 4‚Ä¶,0
1187365702870556673,CAL_FIRE,2019-10-24 13:50:18,"rt  sanbernardinonf  #oldwaterfire update 

- the fire information call center is now open  the public can call  909  383-5688 to ask quest‚Ä¶","[{'text': 'OldWaterFire', 'indices': [21, 34]}]",,official,Florida,"RT  SanBernardinoNF  #OldWaterFire update 

- The fire information call center is now open  The public can call  909  383-5688 to ask quest‚Ä¶",0
1187364229625438209,CAL_FIRE,2019-10-24 13:44:27,#oldwaterfire update  - the fire information call center is now open  the public can call  909  383-5688 to ask que‚Ä¶  ,"[{'text': 'OldWaterFire', 'indices': [0, 13]}]",,official,Florida,#OldWaterFire update  - The fire information call center is now open  The public can call  909  383-5688 to ask que‚Ä¶  ,0
1187363586051428352,CALFIRE_HUU,2019-10-24 13:41:53,rt  nwseureka  some good news early this morning  it appears the strongest wind gusts are over  however still some exposed ridges seeing b‚Ä¶,[],,official,Florida,RT  NWSEureka  Some good news early this morning  it appears the strongest wind gusts are over  However still some exposed ridges seeing b‚Ä¶,0
1187360988301090817,CALFIRE_PIO,2019-10-24 13:31:34,#rt  cal fire  rt  calfirelnu  #kincadefire new #calfirelnu  ,"[{'text': 'RT', 'indices': [0, 3]}, {'text': 'KincadeFire', 'indices': [31, 43]}, {'text': 'CALFIRELNU', 'indices': [48, 59]}]",,official,Florida,#RT  CAL FIRE  RT  CALFIRELNU  #KincadeFire New #CALFIRELNU  ,0
1187360986963075073,CALFIRE_PIO,2019-10-24 13:31:34,#rt  cal fire  new incident assist  #oldwaterfire near old waterman canyon road and hwy 18 in san bernardino county‚Ä¶  ,"[{'text': 'RT', 'indices': [0, 3]}, {'text': 'OldWaterFire', 'indices': [36, 49]}]",,official,Florida,#RT  CAL FIRE  New Incident Assist  #OldWaterFire near Old Waterman Canyon Road and Hwy 18 in San Bernardino County‚Ä¶  ,1
1187360985574707200,CALFIRE_PIO,2019-10-24 13:31:33,#rt  cal fire  new incident  #kincadefire off john kincade road and burned mountain road northeast of geyserville‚Ä¶  ,"[{'text': 'RT', 'indices': [0, 3]}, {'text': 'KincadeFire', 'indices': [29, 41]}]",,official,Florida,#RT  CAL FIRE  New Incident  #KincadeFire off John Kincade Road and Burned Mountain Road northeast of Geyserville‚Ä¶  ,1
1187359923794927616,CaltransHQ,2019-10-24 13:27:20,rt  nwssacramento  gusty north to northeast winds continue across much of interior #norcal early this morning  local gusts of 25-35 mph com‚Ä¶,"[{'text': 'NorCal', 'indices': [83, 90]}]",,official,Florida,RT  NWSSacramento  Gusty north to northeast winds continue across much of interior #NorCal early this morning  Local gusts of 25-35 mph com‚Ä¶,0
1187359532110012416,CALFIRELNU,2019-10-24 13:25:47,#kincadefire new #calfirelnu  ,"[{'text': 'KincadeFire', 'indices': [0, 12]}, {'text': 'CALFIRELNU', 'indices': [17, 28]}]",,official,Florida,#KincadeFire New #CALFIRELNU  ,0
1187358941883142144,CountyVentura,2019-10-24 13:23:26,visite   para registrarse para recibir mensajes de texto directo en su tel√©fono ,[],,official,Florida,Visite   para registrarse para recibir mensajes de texto directo en su tel√©fono ,0
1187358598289997827,CountyVentura,2019-10-24 13:22:04,"how to stay prepared for power shutoffs from  vcfd 
-
¬°mant√©ngase alerta y preparado para cualquier emergencia   pa‚Ä¶  ",[],,official,Florida,"How to stay prepared for power shutoffs from  VCFD 
-
¬°Mant√©ngase alerta y preparado para cualquier emergencia   Pa‚Ä¶  ",0
1187355451693780994,CaltransDist7,2019-10-24 13:09:34,rt  caltrans8  sbco  sr-18 in san bernardino near waterman canyon is currently closed in both directions due to a brush fire  be advised t‚Ä¶,[],,official,Florida,RT  Caltrans8  SBCO  SR-18 in San Bernardino near Waterman Canyon is currently closed in both directions due to a brush fire  Be advised t‚Ä¶,1
1187354367499931648,VCFD,2019-10-24 13:05:15,stay alert be engaged and prepared for any emergency  for information about potential public safety power shutdown‚Ä¶  ,[],,official,Florida,Stay alert be engaged and prepared for any emergency  For information about potential PUBLIC SAFETY POWER SHUTDOWN‚Ä¶  ,0
1187343909141151745,CALFIRESANDIEGO,2019-10-24 12:23:42,rt  sdsheriff  a #redflagwarning is in effect for areas of san diego county through friday evening    sdsheriff wants to remind everyone to‚Ä¶,"[{'text': 'RedFlagWarning', 'indices': [17, 32]}]",,official,Florida,RT  SDSheriff  A #RedFlagWarning is in effect for areas of San Diego County through Friday evening    SDSheriff wants to remind everyone to‚Ä¶,0
1187339203559841797,CAL_FIRE,2019-10-24 12:05:00,new incident assist  #oldwaterfire near old waterman canyon road and hwy 18 in san bernardino county is 50  acres e‚Ä¶  ,"[{'text': 'OldWaterFire', 'indices': [21, 34]}]",,official,Florida,New Incident Assist  #OldWaterFire near Old Waterman Canyon Road and Hwy 18 in San Bernardino County is 50  acres E‚Ä¶  ,1
1187338079851278336,CaltransDist7,2019-10-24 12:00:32,sb i-5 will be closed from imperial hwy to artesia bl &amp  nb i-5 from artesia bl to carmenita rd from 11pm thursday 1‚Ä¶  ,[],,official,Florida,SB I-5 will be CLOSED from Imperial Hwy to Artesia Bl &amp  NB I-5 from Artesia Bl to Carmenita Rd from 11pm Thursday 1‚Ä¶  ,1
1187331653829423104,CAL_FIRE,2019-10-24 11:35:00,new incident  #kincadefire off john kincade road and burned mountain road northeast of geyserville in sonoma count‚Ä¶  ,"[{'text': 'KincadeFire', 'indices': [14, 26]}]",,official,Florida,New Incident  #KincadeFire off John Kincade Road and Burned Mountain Road northeast of Geyserville in Sonoma Count‚Ä¶  ,1
1187326791221796864,CaltransHQ,2019-10-24 11:15:41,rt  sonomasheriff  #kincadefire is 7000 acres and 0  contained per calfire   ,"[{'text': 'kincadefire', 'indices': [19, 31]}]",,official,Florida,RT  sonomasheriff  #kincadefire is 7000 acres and 0  contained per CALFire   ,0
1187320684621336576,CALFIRELNU,2019-10-24 10:51:25,#kincadefire 10000 acres 0  contained all evacuation orders are still in place  #calfirelnu #calfire updates to follow ,"[{'text': 'KincadeFire', 'indices': [0, 12]}, {'text': 'calfirelnu', 'indices': [81, 92]}, {'text': 'CALFIRE', 'indices': [93, 101]}]",,official,Florida,#KincadeFire 10000 acres 0  contained all evacuation orders are still in place  #calfirelnu #CALFIRE updates to follow ,1
1187295680861069312,CALFIRELNU,2019-10-24 09:12:03,#kincadefire 7000 acres 0  contained all evacuation orders are still in place  #calfirelnu  #calfire updates to follow ,"[{'text': 'KincadeFire', 'indices': [0, 12]}, {'text': 'calfirelnu', 'indices': [80, 91]}, {'text': 'CALFIRE', 'indices': [93, 101]}]",,official,Florida,#KincadeFire 7000 acres 0  contained all evacuation orders are still in place  #calfirelnu  #CALFIRE updates to follow ,1
1187264417060151296,CALFIRELNU,2019-10-24 07:07:49,#kincadefire #calfirelnu mandatory evacuation orders for the areas of geysers road cloverdale geysers road red wi‚Ä¶  ,"[{'text': 'KincadeFire', 'indices': [0, 12]}, {'text': 'calfirelnu', 'indices': [13, 24]}]",,official,Florida,#KincadeFire #calfirelnu Mandatory evacuation orders for the areas of Geysers Road Cloverdale Geysers Road Red Wi‚Ä¶  ,1
1187255447268421634,CALFIRELNU,2019-10-24 06:32:11,#kincadefire #calfirelnu is currently on scene of a wildland fire in the geysers area sonoma county  fire is curre‚Ä¶  ,"[{'text': 'KincadeFire', 'indices': [0, 12]}, {'text': 'calfirelnu', 'indices': [13, 24]}]",,official,Florida,#KincadeFire #calfirelnu Is currently on scene of a wildland fire in the Geysers area Sonoma County  Fire is curre‚Ä¶  ,0
1187234101683572736,CALFIRE_SLO,2019-10-24 05:07:22,rt  slocountyoes  we are monitoring weather conditions for next week  pg&amp e has indicated there is an  elevated  potential for public safety‚Ä¶,[],,official,Florida,RT  slocountyoes  We are monitoring weather conditions for next week  PG&amp E has indicated there is an  Elevated  potential for Public Safety‚Ä¶,0
1187231220448423937,VCFD,2019-10-24 04:55:55,#vcalert  have you signed up yet  register now at   to receive information about public safet‚Ä¶  ,"[{'text': 'VCAlert', 'indices': [0, 8]}]",,official,Florida,#VCAlert  Have you signed up yet  Register now at   to receive information about Public Safet‚Ä¶  ,0
1187222965265395712,CALFIRE_SLO,2019-10-24 04:23:07,rt  pge4me  do you have emergency supplies  food water flashlights a radio fresh batteries first aid supplies &amp  cash   a back up charg‚Ä¶,[],,official,Florida,RT  PGE4Me  Do you have emergency supplies  food water flashlights a radio fresh batteries first aid supplies &amp  cash   A back up charg‚Ä¶,0
1187222689464717318,CALFIRE_SLO,2019-10-24 04:22:01,rt  pge4me  #psps zip code alerts  to enroll call 1-877-9000-pge  alerts will be delivered via automated call  to sign up for text alerts‚Ä¶,"[{'text': 'PSPS', 'indices': [12, 17]}]",,official,Florida,RT  PGE4Me  #PSPS Zip Code Alerts  To enroll call 1-877-9000-PGE  Alerts will be delivered via automated call  To sign up for text alerts‚Ä¶,0
1187220560305983488,CALFIRE_SLO,2019-10-24 04:13:33,rt  nwslosangeles  critical fire weather conditions are expected tonight with wind gusts up to 65 mph &amp  very low humidites especially over‚Ä¶,[],,official,Florida,RT  NWSLosAngeles  Critical fire weather conditions are expected tonight with wind gusts up to 65 mph &amp  very low humidites especially over‚Ä¶,1
1187220281988767744,CountyVentura,2019-10-24 04:12:27, vcfd  vcfd pio  venturaoes,[],,official,Florida, VCFD  VCFD PIO  Venturaoes,0
1187220098911596544,CountyVentura,2019-10-24 04:11:43,"#vcalert  have you signed up yet  
   
¬øud  se ha registrado  reg√≠strese ahora en   para reci‚Ä¶  ","[{'text': 'VCAlert', 'indices': [0, 8]}]",,official,Florida,"#VCAlert  Have you signed up yet  
   
¬øUd  se ha registrado  Reg√≠strese ahora en   para reci‚Ä¶  ",0
1187219582169145346,CALFIRE_SLO,2019-10-24 04:09:40,critical fire weather for san luis obispo county  heat advisory wind gusts 20-40 mph 87-97 degrees rh 2-9   staf‚Ä¶  ,[],,official,Florida,CRITICAL FIRE WEATHER FOR SAN LUIS OBISPO COUNTY  Heat advisory wind gusts 20-40 mph 87-97 degrees RH 2-9   Staf‚Ä¶  ,1
1187217350115745792,CaltransD4,2019-10-24 04:00:48,reminder  be prepared during red flag fire warnings   ,[],,official,Florida,Reminder  be prepared during Red Flag Fire Warnings   ,0
1187213618678386689,CaltransHQ,2019-10-24 03:45:58,rt  cal oes  condiciones clim√°ticas extremas contin√∫an en muchas partes del estado  tome medidas ahora para revisar planes de emergencia y‚Ä¶,[],,official,Florida,RT  Cal OES  Condiciones clim√°ticas extremas contin√∫an en muchas partes del estado  Tome medidas ahora para revisar planes de emergencia y‚Ä¶,0
1187213603289452545,CaltransHQ,2019-10-24 03:45:55,rt  cal oes  critical fire weather continues throughout many parts of the state  take time now to review emergency plans and emergency kits‚Ä¶,[],,official,Florida,RT  Cal OES  Critical fire weather continues throughout many parts of the state  Take time now to review emergency plans and emergency kits‚Ä¶,1
1187209945822965760,CALFIRE_PIO,2019-10-24 03:31:23,#rt  cal fire  #briceburgfire off highway 140 and briceburg bridge road north of midpines in mariposa county is 55‚Ä¶  ,"[{'text': 'RT', 'indices': [0, 3]}, {'text': 'BriceburgFire', 'indices': [15, 29]}]",,official,Florida,#RT  CAL FIRE  #BriceburgFire off Highway 140 and Briceburg Bridge Road north of Midpines in Mariposa County is 55‚Ä¶  ,1
1187207755716648962,CaltransD2,2019-10-24 03:22:40,final  traffic is returning to normal approx 3 miles west of big valley mt summit following a disabled vehicle ,[],,official,Florida,FINAL  Traffic is returning to normal approx 3 miles west of Big Valley Mt Summit following a disabled vehicle ,1
1187191195086118912,CAL_FIRE,2019-10-24 02:16:52,#briceburgfire off highway 140 and briceburg bridge road north of midpines in mariposa county is 5563 acres and 10‚Ä¶  ,"[{'text': 'BriceburgFire', 'indices': [0, 14]}]",,official,Florida,#BriceburgFire off Highway 140 and Briceburg Bridge Road north of Midpines in Mariposa County is 5563 acres and 10‚Ä¶  ,1
1187187447827816448,CaltransD2,2019-10-24 02:01:59,alert  eb wb las 139 - traffic is slowing approx 3 miles west of big valley mountain summit due to a disabled vehicle blocking the roadway ,[],,official,Florida,ALERT  EB WB LAS 139 - Traffic is slowing approx 3 miles west of Big Valley Mountain Summit due to a disabled vehicle blocking the roadway ,1
1187187132093231105,CaltransHQ,2019-10-24 02:00:43,"rt  nwssandiego  ‚ö†Ô∏è red flag and high wind warnings in effect ‚ö†Ô∏è

confidence is increasing for a strong #santaanawind event thursday and fr‚Ä¶","[{'text': 'SantaAnaWind', 'indices': [104, 117]}]",,official,Florida,"RT  NWSSanDiego  ‚ö†Ô∏è Red Flag and High Wind Warnings in Effect ‚ö†Ô∏è

Confidence is increasing for a strong #SantaAnaWind event Thursday and Fr‚Ä¶",0
1187186936630243328,CaltransHQ,2019-10-24 01:59:57,rt  cal oes  consejos de la patrulla de caminos de california  chp  durante apagones  #psps #poweroutage  chp hq  ,"[{'text': 'PSPS', 'indices': [86, 91]}, {'text': 'poweroutage', 'indices': [92, 104]}]",,official,Florida,RT  Cal OES  Consejos de la Patrulla de Caminos de California  CHP  durante apagones  #PSPS #poweroutage  CHP HQ  ,0
1187174142828613632,CaltransHQ,2019-10-24 01:09:06,"rt  nwssacramento  ‚ÄºÔ∏è warm dry and gusty conditions = critical fire weather conditions  

‚ö†Ô∏è practice fire safety &amp  be prepared to evacuat‚Ä¶",[],,official,Florida,"RT  NWSSacramento  ‚ÄºÔ∏è Warm dry and gusty conditions = Critical Fire Weather Conditions  

‚ö†Ô∏è Practice fire safety &amp  be prepared to evacuat‚Ä¶",1
1187172400527372289,CALFIRE_SLO,2019-10-24 01:02:11,#lynchic  ,"[{'text': 'LynchIC', 'indices': [0, 8]}]",,official,Florida,#LynchIC  ,0
1187167734934540288,CaltransD2,2019-10-24 00:43:39,update   southbound i-5 north of knighton road  shasta county  - traffic is returning to normal following disabled‚Ä¶  ,[],,official,Florida,UPDATE   Southbound I-5 north of Knighton Road  Shasta County  - Traffic is returning to normal following disabled‚Ä¶  ,1
1187164629316726785,CaltransDist3,2019-10-24 00:31:18,high wind advisory for sac yolo counties in affect for i-5 &amp  i-80 yolo bypass and causeway areas   caltranshq  caltransd4  chp valley,[],,official,Florida,HIGH WIND ADVISORY FOR SAC YOLO COUNTIES IN AFFECT FOR I-5 &amp  I-80 YOLO BYPASS AND CAUSEWAY AREAS   CaltransHQ  CaltransD4  CHP Valley,0
1187163529838678016,CaltransDist3,2019-10-24 00:26:56,the gold run rest areas on i-80 are currently closed due to #psps-related outages  donner summit rest areas are currently open  no eto ,"[{'text': 'PSPS', 'indices': [60, 65]}]",,official,Florida,The Gold Run Rest Areas on I-80 are currently closed due to #PSPS-related outages  Donner Summit Rest Areas are currently open  No ETO ,0
1187158149557440513,CaltransDist10,2019-10-24 00:05:33,#poweroutage update  latest traffic signal power outages within district 10 as of today at 5 00    remember to tr‚Ä¶  ,"[{'text': 'poweroutage', 'indices': [0, 12]}]",,official,Florida,#poweroutage UPDATE  Latest traffic signal power outages within District 10 as of today at 5 00    Remember to tr‚Ä¶  ,1
1187156179828346880,CaltransDist3,2019-10-23 23:57:44,all clear  ,[],,official,Florida,ALL CLEAR  ,0
1187154960368070656,CaltransDist3,2019-10-23 23:52:53,some highways within district 3 are experiencing #psps-related signal outages  this is your safety reminder to use‚Ä¶  ,"[{'text': 'PSPS', 'indices': [49, 54]}]",,official,Florida,Some highways within District 3 are experiencing #PSPS-related signal outages  This is your safety reminder to use‚Ä¶  ,0
1187154130948763649,CountyVentura,2019-10-23 23:49:35,all owners of commercial and industrial businesses within the unincorporated areas of ojai valley are invited to at‚Ä¶  ,[],,official,Florida,All owners of commercial and industrial businesses within the unincorporated areas of Ojai Valley are invited to at‚Ä¶  ,0
1187154035352076288,VCFD,2019-10-23 23:49:12,"rt  sce  heres how we communicate with customers before during and after a public safety power shutoff   

üì≤ üí≠ sign‚Ä¶",[],,official,Florida,"RT  SCE  Heres how we communicate with customers before during and after a Public Safety Power Shutoff   

üì≤ üí≠ Sign‚Ä¶",0
1187146668715544577,CaltransD2,2019-10-23 23:19:56,reminder   when traveling through areas affected by power outages motorists are reminded to treat non-working  dar‚Ä¶  ,[],,official,Florida,REMINDER   When traveling through areas affected by power outages motorists are reminded to treat non-working  dar‚Ä¶  ,0
1187143489068228608,CaltransDist3,2019-10-23 23:07:18,#trafficalert major traffic backup on sr 65 in yuba county as north- and southbound lanes are closed due to a vehic‚Ä¶  ,"[{'text': 'TrafficAlert', 'indices': [0, 13]}]",,official,Florida,#TrafficAlert Major traffic backup on SR 65 in Yuba County as north- and southbound lanes are closed due to a vehic‚Ä¶  ,0
1187139528277909505,CaltransD2,2019-10-23 22:51:34,update   sr 263 at the shasta river bridge  siskiyou county  - traffic is returning to normal following two vehicle‚Ä¶  ,[],,official,Florida,UPDATE   SR 263 at the Shasta River Bridge  Siskiyou County  - Traffic is returning to normal following two vehicle‚Ä¶  ,1
1187138589127143424,CaltransDist3,2019-10-23 22:47:50,rt  chpyuba  traffic alert sr-65 at oakley lane is completely stopped for a major injury traffic collision  please use caution in the area‚Ä¶,[],,official,Florida,RT  ChpYuba  TRAFFIC ALERT SR-65 at Oakley Lane is completely stopped for a major injury traffic collision  Please use caution in the area‚Ä¶,1
1187138008203415552,CaltransDist7,2019-10-23 22:45:31,"i-5 pavement rehab project in #santaclarita #castaic #la

here are the planned closures tonight  wed  night thur  m‚Ä¶  ","[{'text': 'SantaClarita', 'indices': [30, 43]}, {'text': 'Castaic', 'indices': [44, 52]}, {'text': 'LA', 'indices': [53, 56]}]",,official,Florida,"I-5 Pavement Rehab Project in #SantaClarita #Castaic #LA

Here are the planned closures tonight  Wed  night Thur  m‚Ä¶  ",1
1187137890427387906,CaltransD2,2019-10-23 22:45:03,traffic alert   southbound i-5 north of knighton road  shasta county  - traffic is slowing due to disabled motorho‚Ä¶  ,[],,official,Florida,TRAFFIC ALERT   Southbound I-5 north of Knighton Road  Shasta County  - Traffic is slowing due to disabled motorho‚Ä¶  ,1
1187137789487247360,VCFD,2019-10-23 22:44:39,be prepared for power loss- public safety power shutoff  psps  information     via  nextdoor,[],,official,Florida,Be prepared for power loss- Public Safety Power Shutoff  PSPS  information     via  Nextdoor,0
1187136848176414720,CaltransDist3,2019-10-23 22:40:55,rt  chp chico  major injury collision on sr 65 between wheatland and olivehurst in sutter county  extended road closure expected  please us‚Ä¶,[],,official,Florida,RT  CHP Chico  Major injury collision on SR 65 between Wheatland and Olivehurst in Sutter County  Extended road closure expected  Please us‚Ä¶,1
1187136313603969025,CALFIRE_SLO,2019-10-23 22:38:47, final  #lynchic forward progress has been stopped at one acre  canceling additional resources ,"[{'text': 'LynchIC', 'indices': [8, 16]}]",,official,Florida, FINAL  #LynchIC forward progress has been stopped at one acre  Canceling additional resources ,0
1187133417751662597,VCFD,2019-10-23 22:27:17,rt  nwslosangeles  the red flag warning for la ventura counties starts late tonight   #santaana winds heat and low humidities means dange‚Ä¶,"[{'text': 'SantaAna', 'indices': [86, 95]}]",,official,Florida,RT  NWSLosAngeles  The Red Flag Warning for LA Ventura Counties starts late tonight   #SantaAna winds heat and low humidities means dange‚Ä¶,0
1187133348713361408,VCFD,2019-10-23 22:27:00,rt  vcfd pio  #lunafire ff‚Äôs are on-scene of a small grass fire approx  50x20‚Äô and exposing one power pole   full brush assignment is conti‚Ä¶,"[{'text': 'LunaFire', 'indices': [14, 23]}]",,official,Florida,RT  VCFD PIO  #LunaFire FF‚Äôs are on-scene of a small grass fire approx  50X20‚Äô and exposing one power pole   Full brush assignment is conti‚Ä¶,0
1187132357691576320,CALFIRE_SLO,2019-10-23 22:23:04, update  #lynchic at scene with 1 2 acre of grass burning in oak woodland slow rate of spread potential for 20 ac‚Ä¶  ,"[{'text': 'LynchIC', 'indices': [9, 17]}]",,official,Florida, UPDATE  #LynchIC at scene with 1 2 acre of grass burning in oak woodland slow rate of spread potential for 20 ac‚Ä¶  ,0
1187131571221880832,CALFIRE_SLO,2019-10-23 22:19:57,vegetation fire  lynch canyon dr cross of interlake rd  reported grass on fire near a home  #firefighters are respo‚Ä¶  ,"[{'text': 'Firefighters', 'indices': [92, 105]}]",,official,Florida,Vegetation Fire  Lynch Canyon Dr cross of Interlake Rd  Reported grass on fire near a home  #Firefighters are respo‚Ä¶  ,1
1187122302640513025,CaltransD2,2019-10-23 21:43:07,traffic alert   sr 263 at the shasta river bridge  siskiyou county  - roadway is blocked due to two vehicle traffic‚Ä¶  ,[],,official,Florida,TRAFFIC ALERT   SR 263 at the Shasta River Bridge  Siskiyou County  - Roadway is blocked due to two vehicle traffic‚Ä¶  ,1
1187121402907787264,CaltransD2,2019-10-23 21:39:32,the obrien rest area on northbound i-5 north of redding  shasta county  is now open   power has been restored ‚Ä¶  ,[],,official,Florida,The OBrien Rest Area on northbound I-5 north of Redding  Shasta County  is now open   Power has been restored ‚Ä¶  ,0
1187119376278966272,CALFIRE_PIO,2019-10-23 21:31:29,#rt  cal fire  today we join the el dorado county sheriff‚Äôs office and mourn the tragic loss of deputy brian ishmae‚Ä¶  ,"[{'text': 'RT', 'indices': [0, 3]}]",,official,Florida,#RT  CAL FIRE  Today we join the El Dorado County Sheriff‚Äôs Office and mourn the tragic loss of Deputy Brian Ishmae‚Ä¶  ,0
1187116042138476544,CaltransDist10,2019-10-23 21:18:14,closure eto is now 230pm  ,[],,official,Florida,Closure ETO is now 230pm  ,0
1187112103217221632,CaltransHQ,2019-10-23 21:02:35,rt  cal oes  know what to do if a traffic light goes out in your community  #psps  caltranshq  ,"[{'text': 'PSPS', 'indices': [76, 81]}]",,official,Florida,RT  Cal OES  Know what to do if a traffic light goes out in your community  #PSPS  CaltransHQ  ,0
1187109295709536257,CaltransHQ,2019-10-23 20:51:26,rt  cal oes  for those affected by the public safety power shutoff find a community resource center in your neighborhood at the link  http‚Ä¶,[],,official,Florida,RT  Cal OES  For those affected by the Public Safety Power Shutoff find a Community Resource Center in your neighborhood at the link  http‚Ä¶,0
1187109081661595649,CaltransDist3,2019-10-23 20:50:35,rt  nevcooes  a reminder from caltrans that non-working  dark  and flashing red traffic signals be treated as all-way stops during power ou‚Ä¶,[],,official,Florida,RT  NevCoOES  A reminder from Caltrans that non-working  dark  and flashing red traffic signals be treated as all-way stops during power ou‚Ä¶,1
1187106804141944832,CAL_FIRE,2019-10-23 20:41:32,today we join the el dorado county sheriff‚Äôs office and mourn the tragic loss of deputy brian ishmael  we are keepi‚Ä¶  ,[],,official,Florida,Today we join the El Dorado County Sheriff‚Äôs Office and mourn the tragic loss of Deputy Brian Ishmael  We are keepi‚Ä¶  ,0
1187097172522594305,CaltransD2,2019-10-23 20:03:15,heads up   exit 773 on i-5 in yreka  south yreka sr 3    northbound onramp and offramp along with southbound offra‚Ä¶  ,[],,official,Florida,HEADS UP   Exit 773 on I-5 in Yreka  South Yreka SR 3    Northbound onramp and offramp along with southbound offra‚Ä¶  ,0
1187096685589086208,CaltransHQ,2019-10-23 20:01:19,as caltrans director toks omishakin said at his oath of office  we‚Äôre ready to work to ‚Äúpropel the state of ca and‚Ä¶  ,[],,official,Florida,As Caltrans Director Toks Omishakin said at his oath of office  We‚Äôre ready to work to ‚Äúpropel the state of CA and‚Ä¶  ,0
1187092433324118016,CaltransDist7,2019-10-23 19:44:25,all lanes on nb i-605 are open after #caltrans cleaned up a spill that resulted from a multivehicle incident near v‚Ä¶  ,"[{'text': 'Caltrans', 'indices': [37, 46]}]",,official,Florida,All lanes on NB I-605 are open after #Caltrans cleaned up a spill that resulted from a multivehicle incident near V‚Ä¶  ,0
1187091500267499520,CaltransDist10,2019-10-23 19:40:43,rt  ca trans agency  with excitement the  ca trans agency welcomes new  caltranshq director toks omishakin as he leads the department to pr‚Ä¶,[],,official,Florida,RT  CA Trans Agency  With excitement the  CA Trans Agency welcomes new  CaltransHQ Director Toks Omishakin as he leads the department to pr‚Ä¶,0
1187091145907523584,CaltransDist1,2019-10-23 19:39:18,caltrans maintenance crews installed approximately 120 lineal feet of channelizer on both sides of this 200-foot-lo‚Ä¶  ,[],,official,Florida,Caltrans maintenance crews installed approximately 120 lineal feet of channelizer on both sides of this 200-foot-lo‚Ä¶  ,0
1187089413014052864,CaltransDist7,2019-10-23 19:32:25,update  all lanes are open on nb 605   ,[],,official,Florida,UPDATE  All lanes are open on NB 605   ,0
1187089216183980032,CALFIRE_PIO,2019-10-23 19:31:38,#rt  cal fire  a #redflagwarning has been issued for most of northern ca &amp  portions of southern ca from today until‚Ä¶  ,"[{'text': 'RT', 'indices': [0, 3]}, {'text': 'RedFlagWarning', 'indices': [17, 32]}]",,official,Florida,#RT  CAL FIRE  A #RedFlagWarning has been issued for most of Northern CA &amp  portions of Southern CA from today until‚Ä¶  ,1
1187088365155340288,CaltransDist3,2019-10-23 19:28:15,thanks to our electrical crew for getting highway 50 traffic cameras back online in placerville at spring street an‚Ä¶  ,[],,official,Florida,Thanks to our electrical crew for getting Highway 50 traffic cameras back online in Placerville at Spring Street an‚Ä¶  ,1
1187086724154871808,CaltransHQ,2019-10-23 19:21:44,rt  cal oes  during a power outage planning and safety is your first priority  talk with your family to develop your family plan today  fo‚Ä¶,[],,official,Florida,RT  Cal OES  During a power outage planning and safety is your first priority  Talk with your family to develop your family plan today  Fo‚Ä¶,0
1187081409384636417,CaltransDist6,2019-10-23 19:00:37,please dont litter  roadway litter negatively impacts our budget safety &amp  environment  if you or your organizati‚Ä¶  ,[],,official,Florida,Please dont litter  Roadway litter negatively impacts our budget safety &amp  environment  If you or your organizati‚Ä¶  ,0
1187078187605352448,CaltransDist7,2019-10-23 18:47:49,nb 605 just south of valley blvd in industry - lanes # 23 &amp  4 are blocked due to multivehicle incident &amp  fuel spil‚Ä¶  ,[],,official,Florida,NB 605 just south of Valley Blvd in Industry - Lanes # 23 &amp  4 are blocked due to multivehicle incident &amp  fuel spil‚Ä¶  ,1
1187072484295630848,CALFIRE_MEU,2019-10-23 18:25:09,rt  nwseureka  critical fire weather is forecast for the higher elevations above 2000 feet in portions of interior northwest california wi‚Ä¶,[],,official,Florida,RT  NWSEureka  Critical fire weather is forecast for the higher elevations above 2000 feet in portions of interior northwest California wi‚Ä¶,1
1187067341072265217,CALFIRE_SLO,2019-10-23 18:04:43,#redflagwarnings have been issued in parts of northern and southern california  this map shows how close those cond‚Ä¶  ,"[{'text': 'RedFlagWarnings', 'indices': [0, 16]}]",,official,Florida,#RedFlagWarnings have been issued in parts of Northern and Southern California  This map shows how close those cond‚Ä¶  ,0
1187065811690643456,CALFIRE_SLO,2019-10-23 17:58:38,rt  5citiesfirepio  at this time no plans for san luis obispo county  please have a preparedness plan #5citiesfire  ,"[{'text': '5citiesfire', 'indices': [103, 115]}]",,official,Florida,RT  5CitiesFirePIO  At this time no plans for San Luis Obispo County  Please have a preparedness plan #5citiesfire  ,1
1187065110876966912,CaltransDist1,2019-10-23 17:55:51,the irvine lodge rest area on northbound    101   miles north of the    162 junction and the moss cove rest‚Ä¶  ,[],,official,Florida,The Irvine Lodge Rest Area on northbound    101   miles north of the    162 junction and the Moss Cove Rest‚Ä¶  ,0
1187064885215035392,CAL_FIRE,2019-10-23 17:54:57,a #redflagwarning has been issued for most of northern ca &amp  portions of southern ca from today until late thursday‚Ä¶  ,"[{'text': 'RedFlagWarning', 'indices': [2, 17]}]",,official,Florida,A #RedFlagWarning has been issued for most of Northern CA &amp  portions of Southern CA from today until late Thursday‚Ä¶  ,0
1187062334461636613,CaltransDist3,2019-10-23 17:44:49,"rt  chp chico  update  the driver of the log truck was not injured 

at approximately 8 45    this morning a log truck rolled over on cla‚Ä¶",[],,official,Florida,"RT  CHP Chico  Update  The driver of the log truck was not injured 

At approximately 8 45    this morning a log truck rolled over on Cla‚Ä¶",0
1187061108344942592,CaltransD2,2019-10-23 17:39:57,from  nwssacramento   red flag warning in effect today through tomorrow afternoon  10 24    ,[],,official,Florida,From  NWSSacramento   Red Flag Warning in effect today through tomorrow afternoon  10 24    ,0
1187053792681873414,CaltransHQ,2019-10-23 17:10:53,rt  cal oes  news  state operations center activated in support of public safety power shutoff    ‚Ä¶,[],,official,Florida,RT  Cal OES  NEWS  State Operations Center Activated in Support of Public Safety Power Shutoff    ‚Ä¶,0
1187048894686871553,CaltransDist10,2019-10-23 16:51:25,#trafficalert #manteca  westbound sr-120 down to one lane from airport to mckinley until 1 00    today for electr‚Ä¶  ,"[{'text': 'TrafficAlert', 'indices': [0, 13]}, {'text': 'Manteca', 'indices': [14, 22]}]",,official,Florida,#TrafficAlert #Manteca  Westbound SR-120 down to one lane from Airport to McKinley until 1 00    today for electr‚Ä¶  ,1
1187047149084672000,CaltransDist10,2019-10-23 16:44:29,rt  sjc oes  as the rainy season begins every californian should be flood ready  our weather is unpredictable  we can go from multi-year dr‚Ä¶,[],,official,Florida,RT  SJC OES  As the rainy season begins every Californian should be flood ready  Our weather is unpredictable  We can go from multi-year dr‚Ä¶,1
1187044958529699840,CountyVentura,2019-10-23 16:35:46,"advisory from  vcfd pio 
-
habr√° un clima propensa a incendios critic√≥ en el condado de vta y posibles cortes de el‚Ä¶  ",[],,official,Florida,"Advisory from  VCFD PIO 
-
Habr√° un clima propensa a incendios critic√≥ en el Condado de Vta y posibles cortes de el‚Ä¶  ",0
1187043303398637568,CaltransDist7,2019-10-23 16:29:12,if you are driving north on us highway 101 to santa barbara county today please be advised   ,[],,official,Florida,If you are driving north on US Highway 101 to Santa Barbara County today please be advised   ,0
1187043121273589762,VCFD,2019-10-23 16:28:28,rt  vcfd pio  ventura county will have ‚Äúcritical fire weather‚Äù and will be facing potential ‚Äúpublic safety power shutoffs‚Äù  please visit ht‚Ä¶,[],,official,Florida,RT  VCFD PIO  Ventura County will have ‚ÄúCritical Fire Weather‚Äù and will be facing potential ‚ÄúPublic Safety Power Shutoffs‚Äù  Please visit ht‚Ä¶,1
1187040165765603329,CaltransDist10,2019-10-23 16:16:44,"rt  trafficunlvsom  teens driving risk increases with the number of young passengers in the vehicle üö¶üöó
 
 
 
 
#trafficsafety #roadsafety #‚Ä¶","[{'text': 'trafficsafety', 'indices': [111, 125]}, {'text': 'roadsafety', 'indices': [126, 137]}]",,official,Florida,"RT  trafficunlvsom  Teens driving risk increases with the number of young passengers in the vehicle üö¶üöó
 
 
 
 
#trafficsafety #roadsafety #‚Ä¶",1
1187039878573256705,CALFIRESANDIEGO,2019-10-23 16:15:35,rt  mciwpendletonca  deputy chief john crook cpfd gives an update on the #oakfire  ,"[{'text': 'OakFire', 'indices': [75, 83]}]",,official,Florida,RT  MCIWPendletonCA  Deputy Chief John Crook CPFD gives an update on the #OakFire  ,0
1187039311612370945,CaltransDist10,2019-10-23 16:13:20,#trafficalert #stockton the off-ramp from northbound i-5 to eight mile road will be closed today until 2 00    fo‚Ä¶  ,"[{'text': 'TrafficAlert', 'indices': [0, 13]}, {'text': 'Stockton', 'indices': [14, 23]}]",,official,Florida,#TrafficAlert #Stockton The off-ramp from northbound I-5 to Eight Mile Road will be CLOSED today until 2 00    fo‚Ä¶  ,1
1187035635334307840,CaltransDist10,2019-10-23 15:58:44,excellent fhwa partnership meeting in district 10 stockton on tuesday w  fhwa ca div administrator vince mammano jo‚Ä¶  ,[],,official,Florida,Excellent FHWA Partnership meeting in District 10 Stockton on Tuesday w  FHWA CA Div Administrator Vince Mammano jo‚Ä¶  ,0
1187033658927898625,CaltransDist7,2019-10-23 15:50:52,i-10 hov  caltransdist7 construction update in  westcovinacity  for wed  oct  23  allow extra time to reach your d‚Ä¶  ,[],,official,Florida,I-10 HOV  CaltransDist7 construction update in  WestCovinaCity  for Wed  Oct  23  Allow extra time to reach your d‚Ä¶  ,0
1187031241742114817,CALFIRE_SLO,2019-10-23 15:41:16,cal fire captains wife talks about suicide prevention   via  youtube,[],,official,Florida,CAL FIRE Captains wife talks about suicide prevention   via  YouTube,0
1187028770307354626,CALFIRE_PIO,2019-10-23 15:31:27,#rt  cal fire  #briceburgfire off of highway 140 and briceburg bridge road north of midpines in mariposa county rem‚Ä¶  ,"[{'text': 'RT', 'indices': [0, 3]}, {'text': 'BriceburgFire', 'indices': [15, 29]}]",,official,Florida,#RT  CAL FIRE  #BriceburgFire off of Highway 140 and Briceburg Bridge Road north of Midpines in Mariposa County rem‚Ä¶  ,1
1187028768281509889,CALFIRE_PIO,2019-10-23 15:31:26,#rt  cal fire  rt  mciwpendletonca  update  140 acres 35  containment #oakfire  ,"[{'text': 'RT', 'indices': [0, 3]}, {'text': 'OakFire', 'indices': [70, 78]}]",,official,Florida,#RT  CAL FIRE  RT  MCIWPendletonCA  Update  140 acres 35  containment #OakFire  ,0
1187028735997829120,CaltransHQ,2019-10-23 15:31:19,rt  nwssacramento  strong winds in the forecast today &amp  tomorrow could create localized power outages  here are some tips to help you if yo‚Ä¶,[],,official,Florida,RT  NWSSacramento  Strong winds in the forecast today &amp  tomorrow could create localized power outages  Here are some tips to help you if yo‚Ä¶,0
1187028458867527680,CaltransDist7,2019-10-23 15:30:13,rt  chpmoorpark  were right in the middle of #schoolbussafetyweek  10 21-10 25   please be extra cautious when approaching a school bus wi‚Ä¶,"[{'text': 'schoolbussafetyweek', 'indices': [46, 66]}]",,official,Florida,RT  CHPMoorpark  Were right in the middle of #schoolbussafetyweek  10 21-10 25   Please be extra cautious when approaching a school bus wi‚Ä¶,0
1187027479707308032,CaltransDist6,2019-10-23 15:26:19,clovis  westbound 180 currently reduced to one lane at peach avenue due to a multi-vehicle collision  traffic curre‚Ä¶  ,[],,official,Florida,CLOVIS  Westbound 180 currently reduced to one lane at Peach Avenue due to a multi-vehicle collision  Traffic curre‚Ä¶  ,1
1187027211569774592,CountyVentura,2019-10-23 15:25:15,it‚Äôs #withthecountwednesday  ever wondered why the #2020census is important  it‚Äôs essential you &amp  your kids‚Ä¶  ,"[{'text': 'WithTheCountWednesday', 'indices': [5, 27]}, {'text': '2020Census', 'indices': [51, 62]}]",,official,Florida,It‚Äôs #WithTheCountWednesday  Ever wondered why the #2020Census is important  It‚Äôs essential you &amp  your kids‚Ä¶  ,0
1187026262822289408,ShastaHHSA,2019-10-23 15:21:29,take off shoes when entering the house to prevent bringing lead-contaminated soil in from outside  #nlppw2019‚Ä¶  ,"[{'text': 'NLPPW2019', 'indices': [99, 109]}]",,official,Florida,Take off shoes when entering the house to prevent bringing lead-contaminated soil in from outside  #NLPPW2019‚Ä¶  ,0
1187024420767842304,CaltransDist10,2019-10-23 15:14:10,saturday work  caltrans will be installing additional stop signs at the exits from nb sb sr-99 to hammett road in n‚Ä¶  ,[],,official,Florida,Saturday Work  Caltrans will be installing additional stop signs at the exits from NB SB SR-99 to Hammett Road in n‚Ä¶  ,0
1187019837693841408,CaltransDist10,2019-10-23 14:55:57,district 10 appreciates the efforts of local partners such as the san joaquin council of governments  sjcog  and th‚Ä¶  ,[],,official,Florida,District 10 appreciates the efforts of local partners such as the San Joaquin Council of Governments  SJCOG  and th‚Ä¶  ,0
1187018793349828608,CaltransDist10,2019-10-23 14:51:48,caltrans is eager to work with quality contractors in california and weve even created an online landing spot to‚Ä¶  ,[],,official,Florida,Caltrans is eager to work with quality contractors in California and weve even created an online landing spot to‚Ä¶  ,0
1187017663349805057,CaltransDist7,2019-10-23 14:47:19,rt  my5la  northbound i-5 in #burbank will be reduced to only two lanes on three weekends  10pm fri  to 5am mon    8-11 &amp 15-18  avoi‚Ä¶,"[{'text': 'Burbank', 'indices': [29, 37]}]",,official,Florida,RT  My5LA  Northbound I-5 in #Burbank will be reduced to only two lanes on three weekends  10PM Fri  to 5AM Mon    8-11 &amp 15-18  Avoi‚Ä¶,0
1187016697389015041,CaltransDist10,2019-10-23 14:43:29,#trafficalert #lodi northbound sr-99 near tuner road traffic incident sees four cars in the median   ,"[{'text': 'TrafficAlert', 'indices': [0, 13]}, {'text': 'Lodi', 'indices': [14, 19]}]",,official,Florida,#TrafficAlert #Lodi Northbound SR-99 near Tuner Road traffic incident sees four cars in the median   ,1
1187015470752231426,CAL_FIRE,2019-10-23 14:38:36,#briceburgfire off of highway 140 and briceburg bridge road north of midpines in mariposa county remains 5563 acre‚Ä¶  ,"[{'text': 'BriceburgFire', 'indices': [0, 14]}]",,official,Florida,#BriceburgFire off of Highway 140 and Briceburg Bridge Road north of Midpines in Mariposa County remains 5563 acre‚Ä¶  ,1
1187005851216822272,CAL_FIRE,2019-10-23 14:00:23,rt  mciwpendletonca  update  140 acres 35  containment #oakfire  ,"[{'text': 'OakFire', 'indices': [55, 63]}]",,official,Florida,RT  MCIWPendletonCA  Update  140 acres 35  containment #OakFire  ,0
1187001565502046213,CaltransDist7,2019-10-23 13:43:21,construction of ‚Äúfalsework‚Äù  temporary frame support  continues for 2nd half of florence av bridge over i-5 in sant‚Ä¶  ,[],,official,Florida,Construction of ‚Äúfalsework‚Äù  temporary frame support  continues for 2nd half of Florence Av Bridge over I-5 in Sant‚Ä¶  ,0
1186969337644478464,CaltransDist7,2019-10-23 11:35:17,nb &amp  sb i-5 scheduled to be closed from artesia bl to carmenita rd from 11pm wed 10 23 until 5am thursday 10 24  de‚Ä¶  ,[],,official,Florida,NB &amp  SB I-5 scheduled to be CLOSED from Artesia Bl to Carmenita Rd from 11pm Wed 10 23 until 5am Thursday 10 24  De‚Ä¶  ,1
1186960842874638337,CALFIRELNU,2019-10-23 11:01:32,#readysetgo get your outdoor work done before the heat of the day to avoid starting a wildfire ‚Ä¶  ,"[{'text': 'ReadySetGo', 'indices': [0, 11]}]",,official,Florida,#ReadySetGo get your outdoor work done before the heat of the day to avoid starting a wildfire ‚Ä¶  ,1
1186853214693416961,VCFD,2019-10-23 03:53:51,rt  alertnwarning  as of 8 00pm 16 sce circuits are being monitored across ventura county for potential public safety power shutoffs start‚Ä¶,[],,official,Florida,RT  ALERTnWARNING  As of 8 00pm 16 SCE circuits are being monitored across Ventura County for potential public safety power shutoffs start‚Ä¶,0
1186852992458215425,CountyVentura,2019-10-23 03:52:58,"update on possible power shutoffs
-
a partir de las 8 00    se est√°n monitoreando 16 circuitos del sce en todo e‚Ä¶  ",[],,official,Florida,"Update on possible power shutoffs
-
A partir de las 8 00    se est√°n monitoreando 16 circuitos del SCE en todo e‚Ä¶  ",0
1186850082521354241,CALFIRESANDIEGO,2019-10-23 03:41:24,rt  mciwpendletonca  fire is just over 80 acres   35  containment  #oakfire  ,"[{'text': 'Oakfire', 'indices': [67, 75]}]",,official,Florida,RT  MCIWPendletonCA  Fire is just over 80 acres   35  containment  #Oakfire  ,1
1186847633916207104,CALFIRE_PIO,2019-10-23 03:31:41,#rt  cal fire  assisting not a cal fire incident  #oakfire near basilone road and las pulgas road near camp pendle‚Ä¶  ,"[{'text': 'RT', 'indices': [0, 3]}, {'text': 'OakFire', 'indices': [50, 58]}]",,official,Florida,#RT  CAL FIRE  Assisting Not a CAL FIRE incident  #OakFire near Basilone Road and Las Pulgas Road near Camp Pendle‚Ä¶  ,1
1186832487646842880,CALFIRE_SLO,2019-10-23 02:31:29, update  false alarm  all units have been canceled to san gabriel elementary school ,[],,official,Florida, UPDATE  False Alarm  All units have been canceled to San Gabriel Elementary School ,0
1186831951216332800,CAL_FIRE,2019-10-23 02:29:22,assisting not a cal fire incident  #oakfire near basilone road and las pulgas road near camp pendleton north in sa‚Ä¶  ,"[{'text': 'OakFire', 'indices': [35, 43]}]",,official,Florida,Assisting Not a CAL FIRE incident  #OakFire near Basilone Road and Las Pulgas Road near Camp Pendleton North in Sa‚Ä¶  ,1
1186830455242280960,CALFIRE_SLO,2019-10-23 02:23:25,vegetation fire  reported vegetation fire near san gabriel elementary school  san gabriel rd cross of san rafael rd‚Ä¶  ,[],,official,Florida,Vegetation Fire  Reported vegetation fire near San Gabriel Elementary School  San Gabriel Rd cross of San Rafael Rd‚Ä¶  ,1
1186826253103292417,CaltransD2,2019-10-23 02:06:43,final  eb wb sha 299 - traffic is returning to normal near bella vista due to a multi vehicle traffic collision ,[],,official,Florida,FINAL  EB WB SHA 299 - Traffic is returning to normal near Bella Vista due to a multi vehicle traffic collision ,1
1186817410348785664,CALFIRE_PIO,2019-10-23 01:31:35,#rt  cal fire  #redflagwarning in effect wednesday until friday throughout california due to gusty winds and low hu‚Ä¶  ,"[{'text': 'RT', 'indices': [0, 3]}, {'text': 'RedFlagWarning', 'indices': [15, 30]}]",,official,Florida,#RT  CAL FIRE  #RedFlagWarning in effect Wednesday until Friday throughout California due to gusty winds and low hu‚Ä¶  ,1
1186813843176996864,CALFIRESANDIEGO,2019-10-23 01:17:24,rt  mciwpendletonca  currently at 60 acres  mutual aid still assisting cpfd     ,[],,official,Florida,RT  MCIWPendletonCA  Currently at 60 acres  Mutual aid still assisting CPFD     ,0
1186810806752514048,CaltransD2,2019-10-23 01:05:20,final  eb wb teh 36 - traffic is returning to normal approx 3 miles east of bowman rd following a vehicle vegetation fire ,[],,official,Florida,FINAL  EB WB TEH 36 - Traffic is returning to normal approx 3 miles east of Bowman Rd following a vehicle vegetation fire ,1
1186806991970111489,CaltransD2,2019-10-23 00:50:11,alert  eb wb sha 299 - traffic is slowing 1 mile west of bella vista due to a multi vehicle traffic collision ,[],,official,Florida,ALERT  EB WB SHA 299 - Traffic is slowing 1 mile west of Bella Vista due to a multi vehicle traffic collision ,1
1186806991965937664,CaltransD2,2019-10-23 00:50:11,update  teh 36 - one way traffic control in effect approx 3 miles east of bowman rd due to a vehicle fire  caltrans on scene   will update ,[],,official,Florida,UPDATE  TEH 36 - One way traffic control in effect approx 3 miles east of Bowman Rd due to a vehicle fire  Caltrans on scene   Will update ,1
1186806080036392961,CALFIRELNU,2019-10-23 00:46:33,#calfirelnu is assisting #northshorefireprotectiondistrict  structure fire has been mitigated investigation underw‚Ä¶  ,"[{'text': 'CALFIRELNU', 'indices': [0, 11]}, {'text': 'NorthShoreFireProtectionDistrict', 'indices': [25, 58]}]",,official,Florida,#CALFIRELNU is assisting #NorthShoreFireProtectionDistrict  Structure fire has been mitigated investigation underw‚Ä¶  ,1
1186802925504352257,CaltransDist7,2019-10-23 00:34:01,"i-5 pavement rehab project in #santaclarita #castaic #la

here are the planned closures tonight  tue  night wed  mo‚Ä¶  ","[{'text': 'SantaClarita', 'indices': [30, 43]}, {'text': 'Castaic', 'indices': [44, 52]}, {'text': 'LA', 'indices': [53, 56]}]",,official,Florida,"I-5 Pavement Rehab Project in #SantaClarita #Castaic #LA

Here are the planned closures tonight  Tue  night Wed  mo‚Ä¶  ",1
1186802331876089856,CALFIRE_SLO,2019-10-23 00:31:40,rt  slo city fire  defensible space cannot be stressed enough   ,[],,official,Florida,RT  SLO City Fire  Defensible space cannot be stressed enough   ,1
1186800158467428352,CaltransHQ,2019-10-23 00:23:02,"sending our best to these budding engineers and professionals  

thanks  pecg  wtsie  girlscoutssgc and‚Ä¶  ",[],,official,Florida,"Sending our best to these budding engineers and professionals  

Thanks  PECG  WTSIE  GirlScoutsSGC and‚Ä¶  ",0
1186799618186797056,CALFIRELNU,2019-10-23 00:20:53,#calfirelnu is on scene of a fully involved structure fire off hwy 20 by robinson rancheria casino in upper lake l‚Ä¶  ,"[{'text': 'CALFIRELNU', 'indices': [0, 11]}]",,official,Florida,#CALFIRELNU is on scene of a fully involved structure fire off Hwy 20 by Robinson Rancheria Casino in Upper Lake L‚Ä¶  ,1
1186799501144514560,CaltransHQ,2019-10-23 00:20:25,rt  caltrans8  #caltrans8 welcomed young individuals this morning from  pecg  wtsie and  girlscoutssgc to show the many exciting career pa‚Ä¶,"[{'text': 'Caltrans8', 'indices': [15, 25]}]",,official,Florida,RT  Caltrans8  #Caltrans8 welcomed young individuals this morning from  PECG  WTSIE and  GirlScoutsSGC to show the many exciting career pa‚Ä¶,0
1186796221156904960,CaltransDist7,2019-10-23 00:07:23,today we remember and honor district 7 maintenance workers glen fenwick and raul arismendez killed october 22 197‚Ä¶  ,[],,official,Florida,Today we remember and honor District 7 maintenance workers Glen Fenwick and Raul Arismendez killed October 22 197‚Ä¶  ,0
1186795142495125504,CaltransDist10,2019-10-23 00:03:06,#trafficalert #mercedcounty expect delays on southbound sr-99 at shanks road in delhi due to a traffic incident   ,"[{'text': 'TrafficAlert', 'indices': [0, 13]}, {'text': 'MercedCounty', 'indices': [14, 27]}]",,official,Florida,#TrafficAlert #MercedCounty Expect delays on southbound SR-99 at Shanks Road in Delhi due to a traffic incident   ,1
