id,username,date,text,hashtags,geo,type,tweet,road_closure
1191432117407772672,CaltransDist3,2019-11-04 19:08:47,we are accepting applications for associate transportation planners  for more information or to apply click  ,[],,official,We are accepting applications for associate transportation planners  For more information or to apply click  ,0
1191430931711528960,CaltransHQ,2019-11-04 19:04:04,#trafficalert  fire related state hwy  closures - monday nov  4th   11 am  please note conditions are subject to c‚Ä¶  ,"[{'text': 'TrafficAlert', 'indices': [0, 13]}]",,official,#TrafficAlert  Fire related State Hwy  Closures - Monday Nov  4th   11 AM  Please note conditions are subject to c‚Ä¶  ,1
1191430875327545345,CaltransDist1,2019-11-04 19:03:51,one-way traffic control is in effect on    highway 101 just north of willits in mendocino county  please expect d‚Ä¶  ,[],,official,One-way traffic control is in effect on    Highway 101 just north of Willits in Mendocino County  Please expect d‚Ä¶  ,1
1191427801984823297,VCFD,2019-11-04 18:51:38,rt  vcstar  a great horned owl had a lucky day saturday   ,[],,official,RT  vcstar  A great horned owl had a lucky day Saturday   ,0
1191424007297331202,CAL_FIRE,2019-11-04 18:36:33,#ranchfire off colyer springs rd and raglin ridge rd southwest of red bluff in tehama county is 600 acres and 15 ‚Ä¶  ,"[{'text': 'RanchFire', 'indices': [0, 10]}]",,official,#RanchFire off Colyer Springs Rd and Raglin Ridge Rd southwest of Red Bluff in Tehama county is 600 acres and 15 ‚Ä¶  ,1
1191421218462715904,CaltransDist1,2019-11-04 18:25:28,vehicle recovery underway just north of willits on    highway 101 in mendocino county  both lanes are closed  ple‚Ä¶  ,[],,official,Vehicle recovery underway just north of Willits on    Highway 101 in Mendocino County  Both lanes are closed  Ple‚Ä¶  ,1
1191417460022378497,Caltrans8,2019-11-04 18:10:32,state route 74 raised curb median safety project  menifee  construction activities for week of november 4 2019  ,[],,official,State Route 74 Raised Curb Median Safety Project  Menifee  Construction Activities for Week of November 4 2019  ,0
1191414485870735361,VCFD,2019-11-04 17:58:43,update  the crew bamed the owl ‚Äúram‚Äù after their favorite nfl team and their own mascot   ramsnfl,[],,official,Update  The crew bamed the owl ‚ÄúRam‚Äù after their favorite NFL team and their own mascot   RamsNFL,0
1191412258162659328,CaltransHQ,2019-11-04 17:49:52,michael &amp  milinda may see her as a super-mom but that doesnt mean shes invincible  lets keep her safe out there‚Ä¶  ,[],,official,Michael &amp  Milinda may see her as a super-mom but that doesnt mean shes invincible  Lets keep her safe out there‚Ä¶  ,0
1191399667973554177,VCFD,2019-11-04 16:59:50,"rt  vcfd pio  #mariafire  incident fact sheet as of 7 00 am on 11 4 19 
actualizaci√≥n informativa del incedio mariafire
 vcfd  cal fire htt‚Ä¶","[{'text': 'MariaFire', 'indices': [14, 24]}]",,official,"RT  VCFD PIO  #MariaFire  Incident Fact Sheet as of 7 00 AM on 11 4 19 
Actualizaci√≥n informativa del Incedio MariaFire
 VCFD  CAL FIRE htt‚Ä¶",0
1191399350917685248,CaltransDist1,2019-11-04 16:58:35,   highway 101 is closed both ways following a traffic collision just north of willits in mendocino county  there‚Ä¶  ,[],,official,   Highway 101 is closed both ways following a traffic collision just north of Willits in Mendocino County  There‚Ä¶  ,1
1191396087745019917,CaltransDist10,2019-11-04 16:45:37,"reminder  full highway closure starts today
tuolumne county route 108 will be closed 10   3    starting today‚Ä¶  ",[],,official,"REMINDER  FULL HIGHWAY CLOSURE STARTS TODAY
Tuolumne County Route 108 Will Be Closed 10   3    starting today‚Ä¶  ",1
1191395272376516611,CaltransD2,2019-11-04 16:42:22,"southbound i-5 exit 730 closed

as of monday november 4th the southbound exit #730 at central dunsmuir is closed t‚Ä¶  ",[],,official,"SOUTHBOUND I-5 EXIT 730 CLOSED

As of Monday November 4th the Southbound Exit #730 at Central Dunsmuir is closed t‚Ä¶  ",1
1191395171553959936,Caltrans8,2019-11-04 16:41:58,update  collision cleared all lanes open   ,[],,official,Update  Collision cleared all lanes open   ,0
1191394506475790336,Caltrans8,2019-11-04 16:39:20,update  collision cleared all lanes open   ,[],,official,Update  Collision cleared all lanes open   ,0
1191393961308389379,CaltransDist7,2019-11-04 16:37:10,i-10 hov  caltransdist7 construction update in  westcovinacity  for mon  nov  4  allow extra time to reach your de‚Ä¶  ,[],,official,I-10 HOV  CaltransDist7 construction update in  WestCovinaCity  for Mon  Nov  4  Allow extra time to reach your de‚Ä¶  ,0
1191387024034430976,CaltransDist7,2019-11-04 16:09:36,update  all lanes are open on wb i-210 at towne ave #claremont following removal of overturned big rig   ,"[{'text': 'Claremont', 'indices': [52, 62]}]",,official,UPDATE  All lanes are open on WB I-210 at Towne Ave #Claremont following removal of overturned big rig   ,0
1191383144370495489,CALFIRE_PIO,2019-11-04 15:54:11,#rt  cal fire  #kincadefire off john kincade road and burned mountain road northeast of geyserville in sonoma coun‚Ä¶  ,"[{'text': 'RT', 'indices': [0, 3]}, {'text': 'KincadeFire', 'indices': [15, 27]}]",,official,#RT  CAL FIRE  #KincadeFire off John Kincade Road and Burned Mountain Road northeast of Geyserville in Sonoma Coun‚Ä¶  ,1
1191383142365618177,CALFIRE_PIO,2019-11-04 15:54:10,#rt  cal fire  #mariafire off of bradley road and solano verde dr top of south mt santa paula in ventura county i‚Ä¶  ,"[{'text': 'RT', 'indices': [0, 3]}, {'text': 'MariaFire', 'indices': [15, 25]}]",,official,#RT  CAL FIRE  #MariaFire off of Bradley Road and Solano Verde Dr Top of South Mt Santa Paula in Ventura County i‚Ä¶  ,1
1191383140859822081,CALFIRE_PIO,2019-11-04 15:54:10,#rt  cal fire  #ranchfire off colyer springs rd and raglin ridge rd southwest of red bluff in tehama county is 550‚Ä¶  ,"[{'text': 'RT', 'indices': [0, 3]}, {'text': 'RanchFire', 'indices': [15, 25]}]",,official,#RT  CAL FIRE  #RanchFire off Colyer Springs Rd and Raglin Ridge Rd southwest of Red Bluff in Tehama county is 550‚Ä¶  ,1
1191382708477464576,Caltrans8,2019-11-04 15:52:27,rivco  eb sr-91 west of spruce st  in riverside  traffic collision blocking shoulder  unknown duration of clear  #caltrans8,"[{'text': 'Caltrans8', 'indices': [114, 124]}]",,official,RIVCO  EB SR-91 west of Spruce St  in Riverside  Traffic collision blocking shoulder  Unknown duration of clear  #Caltrans8,0
1191382367048552454,Caltrans8,2019-11-04 15:51:05,state route 74 raised curb median safety project  menifee  construction activities for week of november 4 2019‚Ä¶  ,[],,official,State Route 74 Raised Curb Median Safety Project  Menifee  Construction Activities for Week of November 4 2019‚Ä¶  ,0
1191381292258074625,Caltrans8,2019-11-04 15:46:49,rivco  wb sr-60 east of i-15 connector in jurupa valley  traffic collision blocking lane #4 and shoulder  unknown d‚Ä¶  ,[],,official,RIVCO  WB SR-60 east of I-15 connector in Jurupa Valley  Traffic collision blocking lane #4 and shoulder  Unknown d‚Ä¶  ,1
1191374675844055040,CAL_FIRE,2019-11-04 15:20:32,#kincadefire off john kincade road and burned mountain road northeast of geyserville in sonoma county is 77758 ac‚Ä¶  ,"[{'text': 'KincadeFire', 'indices': [0, 12]}]",,official,#KincadeFire off John Kincade Road and Burned Mountain Road northeast of Geyserville in Sonoma County is 77758 ac‚Ä¶  ,1
1191371005257633792,CAL_FIRE,2019-11-04 15:05:56,#mariafire off of bradley road and solano verde dr top of south mt santa paula in ventura county is 9412 acres a‚Ä¶  ,"[{'text': 'MariaFire', 'indices': [0, 10]}]",,official,#MariaFire off of Bradley Road and Solano Verde Dr Top of South Mt Santa Paula in Ventura County is 9412 acres a‚Ä¶  ,1
1191369928713986049,CAL_FIRE,2019-11-04 15:01:40,#ranchfire off colyer springs rd and raglin ridge rd southwest of red bluff in tehama county is 550 acres and 10 ‚Ä¶  ,"[{'text': 'RanchFire', 'indices': [0, 10]}]",,official,#RanchFire off Colyer Springs Rd and Raglin Ridge Rd southwest of Red Bluff in Tehama county is 550 acres and 10 ‚Ä¶  ,1
1191369760887336960,CALFIRELNU,2019-11-04 15:01:00,#kincadefire off john kincade road and burned mountain road northeast of geyserville in sonoma county is 77758 ac‚Ä¶  ,"[{'text': 'KincadeFire', 'indices': [0, 12]}]",,official,#KincadeFire off John Kincade Road and Burned Mountain Road northeast of Geyserville in Sonoma County is 77758 ac‚Ä¶  ,1
1191365973724430337,CaltransDist3,2019-11-04 14:45:57,rt  chp sac   chico  chico southgate dr   assist ct with maintenance    ,[],,official,RT  chp sac   CHICO  Chico Southgate Dr   Assist CT with Maintenance    ,0
1191357657736564738,CaltransDist7,2019-11-04 14:12:54,#claremont wb 210 at towne ave all lanes except hov carpool lane are blocked due to an overturned big rig  duration‚Ä¶  ,"[{'text': 'Claremont', 'indices': [0, 10]}]",,official,#Claremont WB 210 at Towne Ave all lanes except HOV carpool lane are blocked due to an overturned big rig  Duration‚Ä¶  ,1
1191353838399176704,Caltrans8,2019-11-04 13:57:44,rt  chpsouthern  sigalert update in claremont  wb i-210 at towne avenue the #1 #2 and #3 lanes will be blocked for an additional 2 hours‚Ä¶,[],,official,RT  CHPsouthern  SIGALERT UPDATE IN CLAREMONT  WB I-210 AT TOWNE AVENUE THE #1 #2 AND #3 LANES WILL BE BLOCKED FOR AN ADDITIONAL 2 HOURS‚Ä¶,1
1191345049939804160,CountyVentura,2019-11-04 13:22:48,somos muy afortunados de tenerlos tanto para las operaciones de bomberos como las de rescate ,[],,official,Somos muy afortunados de tenerlos tanto para las operaciones de bomberos como las de rescate ,0
1191344778274697216,CountyVentura,2019-11-04 13:21:43,"  vcfd helicopter view of the #mariafire
-
¬øse pregunta c√≥mo ser√≠a para los helic√≥pteros de bomberos desde el aire ‚Ä¶  ","[{'text': 'MariaFire', 'indices': [30, 40]}]",,official,"  VCFD helicopter view of the #MariaFire
-
¬øSe pregunta c√≥mo ser√≠a para los helic√≥pteros de bomberos desde el aire ‚Ä¶  ",0
1191201938173546497,CALFIRE_PIO,2019-11-04 03:54:08,#rt  cal fire  #kincadefire off john kincade road and burned mountain road northeast of geyserville in sonoma coun‚Ä¶  ,"[{'text': 'RT', 'indices': [0, 3]}, {'text': 'KincadeFire', 'indices': [15, 27]}]",,official,#RT  CAL FIRE  #KincadeFire off John Kincade Road and Burned Mountain Road northeast of Geyserville in Sonoma Coun‚Ä¶  ,1
1191201936772612096,CALFIRE_PIO,2019-11-04 03:54:07,#rt  cal fire  #mariafire off of bradley road and solano verde dr top of south mt santa paula in ventura county i‚Ä¶  ,"[{'text': 'RT', 'indices': [0, 3]}, {'text': 'MariaFire', 'indices': [15, 25]}]",,official,#RT  CAL FIRE  #MariaFire off of Bradley Road and Solano Verde Dr Top of South Mt Santa Paula in Ventura County i‚Ä¶  ,1
1191201935409516544,CALFIRE_PIO,2019-11-04 03:54:07,#rt  cal fire  #burrisfire off potter valley rd and hwy 20 east of calpella in mendocino county is 703 acres and 1‚Ä¶  ,"[{'text': 'RT', 'indices': [0, 3]}, {'text': 'BurrisFire', 'indices': [15, 26]}]",,official,#RT  CAL FIRE  #BurrisFire off Potter Valley Rd and Hwy 20 east of Calpella in Mendocino County is 703 acres and 1‚Ä¶  ,1
1191201933941510144,CALFIRE_PIO,2019-11-04 03:54:07,#rt  cal fire  #ranchfire off colyer springs rd and raglin ridge rd southwest of red bluff in tehama county is 476‚Ä¶  ,"[{'text': 'RT', 'indices': [0, 3]}, {'text': 'RanchFire', 'indices': [15, 25]}]",,official,#RT  CAL FIRE  #RanchFire off Colyer Springs Rd and Raglin Ridge Rd southwest of Red Bluff in Tehama county is 476‚Ä¶  ,1
1191201932272123904,CALFIRE_PIO,2019-11-04 03:54:06,#rt  cal fire  #ranchfire off colyer springs rd and raglin ridge rd southwest of red bluff in tehama county is 446‚Ä¶  ,"[{'text': 'RT', 'indices': [0, 3]}, {'text': 'RanchFire', 'indices': [15, 25]}]",,official,#RT  CAL FIRE  #RanchFire off Colyer Springs Rd and Raglin Ridge Rd southwest of Red Bluff in Tehama county is 446‚Ä¶  ,1
1191190595483553794,CAL_FIRE,2019-11-04 03:09:03,#kincadefire off john kincade road and burned mountain road northeast of geyserville in sonoma county is 77758 ac‚Ä¶  ,"[{'text': 'KincadeFire', 'indices': [0, 12]}]",,official,#KincadeFire off John Kincade Road and Burned Mountain Road northeast of Geyserville in Sonoma County is 77758 ac‚Ä¶  ,1
1191188338583031810,CALFIRELNU,2019-11-04 03:00:05,#kincadefire off john kincade road and burned mountain road northeast of geyserville in sonoma county is 77758 ac‚Ä¶  ,"[{'text': 'KincadeFire', 'indices': [0, 12]}]",,official,#KincadeFire off John Kincade Road and Burned Mountain Road northeast of Geyserville in Sonoma County is 77758 ac‚Ä¶  ,1
1191187542957154304,CAL_FIRE,2019-11-04 02:56:56,#mariafire off of bradley road and solano verde dr top of south mt santa paula in ventura county is 9412 acres an‚Ä¶  ,"[{'text': 'MariaFire', 'indices': [0, 10]}]",,official,#MariaFire off of Bradley Road and Solano Verde Dr Top of South Mt Santa Paula in Ventura County is 9412 acres an‚Ä¶  ,1
1191186610332684288,CAL_FIRE,2019-11-04 02:53:13,#burrisfire off potter valley rd and hwy 20 east of calpella in mendocino county is 703 acres and 100  contained ‚Ä¶  ,"[{'text': 'BurrisFire', 'indices': [0, 11]}]",,official,#BurrisFire off Potter Valley Rd and Hwy 20 east of Calpella in Mendocino County is 703 acres and 100  contained ‚Ä¶  ,1
1191185931941769216,CAL_FIRE,2019-11-04 02:50:31,#ranchfire off colyer springs rd and raglin ridge rd southwest of red bluff in tehama county is 476 acres   ,"[{'text': 'RanchFire', 'indices': [0, 10]}]",,official,#RanchFire off Colyer Springs Rd and Raglin Ridge Rd southwest of Red Bluff in Tehama county is 476 acres   ,1
1191183718062292992,VCFD,2019-11-04 02:41:44,#mariafire wonder what it looks like for fire helicopters from the air  helicopters that fight fire at night are no‚Ä¶  ,"[{'text': 'MariaFire', 'indices': [0, 10]}]",,official,#MariaFire Wonder what it looks like for fire helicopters from the air  Helicopters that fight fire at night are no‚Ä¶  ,0
1191176534490406912,CAL_FIRE,2019-11-04 02:13:11,#ranchfire off colyer springs rd and raglin ridge rd southwest of red bluff in tehama county is 446 acres   ,"[{'text': 'RanchFire', 'indices': [0, 10]}]",,official,#RanchFire off Colyer Springs Rd and Raglin Ridge Rd southwest of Red Bluff in Tehama county is 446 acres   ,1
1191171753847984128,CALFIRE_PIO,2019-11-04 01:54:11,#rt  cal fire  #46fire off of 5300 block of 46th street east of jurupa valley in riverside county remains 328 acre‚Ä¶  ,"[{'text': 'RT', 'indices': [0, 3]}, {'text': '46Fire', 'indices': [15, 22]}]",,official,#RT  CAL FIRE  #46Fire off of 5300 block of 46th Street East of Jurupa Valley in Riverside County remains 328 acre‚Ä¶  ,1
1191171751608225792,CALFIRE_PIO,2019-11-04 01:54:11,#rt  cal fire  #ranchfire off colyer springs rd and raglin ridge rd southwest of red bluff in tehama county is 350‚Ä¶  ,"[{'text': 'RT', 'indices': [0, 3]}, {'text': 'RanchFire', 'indices': [15, 25]}]",,official,#RT  CAL FIRE  #RanchFire off Colyer Springs Rd and Raglin Ridge Rd southwest of Red Bluff in Tehama county is 350‚Ä¶  ,1
1191149325667196931,VCFD,2019-11-04 00:25:04,questions about school closures  visit   to see a full and up to date list   venturacoe‚Ä¶  ,[],,official,Questions about school closures  Visit   to see a full and up to date list   VenturaCOE‚Ä¶  ,1
1191146716235325440,CAL_FIRE,2019-11-04 00:14:42,#46fire off of 5300 block of 46th street east of jurupa valley in riverside county remains 328 acres and 100  cont‚Ä¶  ,"[{'text': '46Fire', 'indices': [0, 7]}]",,official,#46Fire off of 5300 block of 46th Street East of Jurupa Valley in Riverside County remains 328 acres and 100  cont‚Ä¶  ,1
1191146033994035200,CAL_FIRE,2019-11-04 00:11:59,#ranchfire off colyer springs rd and raglin ridge rd southwest of red bluff in tehama county is 350 acres  ,"[{'text': 'RanchFire', 'indices': [0, 10]}]",,official,#RanchFire off Colyer Springs Rd and Raglin Ridge Rd southwest of Red Bluff in Tehama county is 350 acres  ,1
1191141061621690369,CALFIRE_PIO,2019-11-03 23:52:14,#rt  cal fire  #ranchfire off colyer springs rd and raglin ridge rd southwest of red bluff in tehama county is 150‚Ä¶  ,"[{'text': 'RT', 'indices': [0, 3]}, {'text': 'RanchFire', 'indices': [15, 25]}]",,official,#RT  CAL FIRE  #RanchFire off Colyer Springs Rd and Raglin Ridge Rd southwest of Red Bluff in Tehama county is 150‚Ä¶  ,1
1191141060212338691,CALFIRE_PIO,2019-11-03 23:52:13,#rt  cal fire  rt  calfirelnu  #kincadefire repopulation update for sunday november 3 2019 at 3 00 pm  more here ‚Ä¶  ,"[{'text': 'RT', 'indices': [0, 3]}, {'text': 'kincadefire', 'indices': [31, 43]}]",,official,#RT  CAL FIRE  RT  CALFIRELNU  #kincadefire Repopulation Update for Sunday November 3 2019 at 3 00 PM  More Here ‚Ä¶  ,0
1191141059008565248,CALFIRE_PIO,2019-11-03 23:52:13,#rt  cal fire  #ranchfire off colyer springs rd and raglin ridge rd southwest of red bluff in tehama county is 50 acres,"[{'text': 'RT', 'indices': [0, 3]}, {'text': 'RanchFire', 'indices': [15, 25]}]",,official,#RT  CAL FIRE  #RanchFire off Colyer Springs Rd and Raglin Ridge Rd southwest of Red Bluff in Tehama county is 50 acres,1
1191141057645469703,CALFIRE_PIO,2019-11-03 23:52:13,#rt  cal fire  new incident  #ranchfire off colyer springs rd and raglin ridge rd southwest of red bluff in tehama‚Ä¶  ,"[{'text': 'RT', 'indices': [0, 3]}, {'text': 'RanchFire', 'indices': [29, 39]}]",,official,#RT  CAL FIRE  New Incident  #RanchFire off Colyer Springs Rd and Raglin Ridge Rd southwest of Red Bluff in Tehama‚Ä¶  ,1
1191137734565355520,CAL_FIRE,2019-11-03 23:39:00,#ranchfire off colyer springs rd and raglin ridge rd southwest of red bluff in tehama county is 150 acres  ,"[{'text': 'RanchFire', 'indices': [0, 10]}]",,official,#RanchFire off Colyer Springs Rd and Raglin Ridge Rd southwest of Red Bluff in Tehama county is 150 acres  ,1
1191128086000963584,CALFIRELNU,2019-11-03 23:00:40,#kincadefire repopulation update for sunday november 3 2019 at 3 00 pm  more here     ,"[{'text': 'kincadefire', 'indices': [0, 12]}]",,official,#kincadefire Repopulation Update for Sunday November 3 2019 at 3 00 PM  More Here     ,0
1191118988941524992,CAL_FIRE,2019-11-03 22:24:31,#ranchfire off colyer springs rd and raglin ridge rd southwest of red bluff in tehama county is 50 acres,"[{'text': 'RanchFire', 'indices': [0, 10]}]",,official,#RanchFire off Colyer Springs Rd and Raglin Ridge Rd southwest of Red Bluff in Tehama county is 50 acres,1
1191117228835393536,VCFD,2019-11-03 22:17:31,rt  vcfd pio  ventura county may experience poor air quality due to the #mariafire  do your best to stay indoors until air quality improves‚Ä¶,"[{'text': 'MariaFire', 'indices': [72, 82]}]",,official,RT  VCFD PIO  Ventura County may experience poor air quality due to the #MariaFire  Do your best to stay indoors until air quality improves‚Ä¶,1
1191117224620113920,CAL_FIRE,2019-11-03 22:17:30,new incident  #ranchfire off colyer springs rd and raglin ridge rd southwest of red bluff in tehama county is 20 a‚Ä¶  ,"[{'text': 'RanchFire', 'indices': [14, 24]}]",,official,New Incident  #RanchFire off Colyer Springs Rd and Raglin Ridge Rd southwest of Red Bluff in Tehama county is 20 a‚Ä¶  ,1
1191114204650115073,Caltrans8,2019-11-03 22:05:30,update  i-10 wb west of cedar ‚Äî all lanes now open #caltrans8,"[{'text': 'Caltrans8', 'indices': [51, 61]}]",,official,UPDATE  I-10 WB West of Cedar ‚Äî all lanes now open #Caltrans8,0
1191108161815474176,CountyVentura,2019-11-03 21:41:30,vuelva a ver una actualizaci√≥n por video   vcfd  vcfd pio,[],,official,Vuelva a ver una actualizaci√≥n por video   VCFD  VCFD PIO,0
1191107841773338624,CountyVentura,2019-11-03 21:40:13,"#mariafire animal rescue   vcfd pio 
-
¬°rescate animal  los bomberos del vcfd ayudaron a rescatar este b√∫ho cornudo‚Ä¶  ","[{'text': 'MariaFire', 'indices': [0, 10]}]",,official,"#MariaFire animal rescue   VCFD PIO 
-
¬°Rescate animal  Los bomberos del VCFD ayudaron a rescatar este B√∫ho Cornudo‚Ä¶  ",1
1191106211560579072,CALFIREAEU,2019-11-03 21:33:45,1 31pm update - b2705 as the ic forward progress of the fire stopped  #sierramafire,"[{'text': 'SierramaFire', 'indices': [71, 84]}]",,official,1 31PM update - B2705 as the IC forward progress of the fire stopped  #SierramaFire,1
1191105415641260044,Caltrans8,2019-11-03 21:30:35,sbco  i-10 wb west of cedar ave in bloomington 1 lane blocked for approximately 30 min #caltrans8  ,"[{'text': 'Caltrans8', 'indices': [89, 99]}]",,official,SBCO  I-10 WB West of Cedar Ave in Bloomington 1 lane blocked for approximately 30 min #Caltrans8  ,1
1191103605496877056,CALFIREAEU,2019-11-03 21:23:23,1 22pm update - units at scene are reporting 1 acre burning in the grass  #sierramafire,"[{'text': 'SierramaFire', 'indices': [74, 87]}]",,official,1 22PM update - Units at scene are reporting 1 acre burning in the grass  #SierramaFire,0
1191103028083843072,CALFIREAEU,2019-11-03 21:21:06,firefighters are responding to a reported vegetation fire in the area of sierrama road and sunfaire lane  el dorado county   #sierramafire,"[{'text': 'SierramaFire', 'indices': [125, 138]}]",,official,Firefighters are responding to a reported vegetation fire in the area of Sierrama Road and Sunfaire Lane  El Dorado County   #SierramaFire,1
1191092270272876544,CaltransDist7,2019-11-03 20:38:21,all lanes and connectors have reopened   chpsouthern  ,[],,official,All lanes and connectors have reopened   CHPsouthern  ,0
1191088168243625984,CountyVentura,2019-11-03 20:22:03,"rt  vcfd pio  #mariafire informaci√≥n reciente de operaciones 11 3 19 

 cal fire  vcfd  venturasheriff  ","[{'text': 'MariaFire', 'indices': [14, 24]}]",,official,"RT  VCFD PIO  #MariaFire informaci√≥n reciente de operaciones 11 3 19 

 CAL FIRE  VCFD  VENTURASHERIFF  ",0
1191081554925088768,VCFD,2019-11-03 19:55:46, camwildlife,[],,official, camwildlife,0
1191075640914534400,VCFD,2019-11-03 19:32:16,animal rescue  the  vcfd handcrew helped save this injured great horned owl from the #mariafire  the owl was taken‚Ä¶  ,"[{'text': 'MariaFire', 'indices': [85, 95]}]",,official,Animal rescue  The  VCFD handcrew helped save this injured Great Horned Owl from the #MariaFire  The owl was taken‚Ä¶  ,1
1191068797609885696,CALFIRESANDIEGO,2019-11-03 19:05:04,#79ic near cuyamaca  final  highway 79 reopened  all cal fire   san diego county fire resources available   ,"[{'text': '79IC', 'indices': [0, 5]}]",,official,#79IC near Cuyamaca  final  Highway 79 reopened  all CAL FIRE   San Diego County Fire resources available   ,0
1191060042977619968,VCFD,2019-11-03 18:30:17,"wondering about road closures shelters evacuations and power outages  
visit   for up to da‚Ä¶  ",[],,official,"Wondering about road closures shelters evacuations and power outages  
Visit   for up to da‚Ä¶  ",1
1191054861078597632,CALFIRESANDIEGO,2019-11-03 18:09:42,#79ic near cuyamaca  update  patients have been extricated from the vehicle and ground transported to the hospital ‚Ä¶  ,"[{'text': '79IC', 'indices': [0, 5]}]",,official,#79IC near Cuyamaca  update  Patients have been extricated from the vehicle and ground transported to the hospital ‚Ä¶  ,0
1191053661922680832,CaltransDist7,2019-11-03 18:04:56,"closures underway now for a police investigation 

-sb 110 at rte 91  # 2 3 4 lanes closed 
-sb 110 to rte 405 co‚Ä¶  ",[],,official,"Closures underway now for a police investigation 

-SB 110 at Rte 91  # 2 3 4 lanes closed 
-SB 110 to Rte 405 co‚Ä¶  ",1
1191050445591957504,CaltransDist7,2019-11-03 17:52:09,rt  chpsouthern  sigalert issued in carson  sb i-110 at sr-91 the #2 #3 #4 and #5 lanes sb i-110 to nb sb i-405 transition and sb i-1‚Ä¶,[],,official,RT  CHPsouthern  SIGALERT ISSUED IN CARSON  SB I-110 AT SR-91 THE #2 #3 #4 AND #5 LANES SB I-110 TO NB SB I-405 TRANSITION AND SB I-1‚Ä¶,0
1191044749454651398,CALFIRESANDIEGO,2019-11-03 17:29:31,  calfiresandiego is at scene of an overturned vehicle on highway 79 near oakzanita campground  two patients trappe‚Ä¶  ,[],,official,  CALFIRESANDIEGO is at scene of an overturned vehicle on Highway 79 near Oakzanita Campground  Two patients trappe‚Ä¶  ,1
1191020325766598662,CALFIRE_PIO,2019-11-03 15:52:28,#rt  cal fire  #kincadefire off john kincade road and burned mountain road northeast of geyserville in sonoma coun‚Ä¶  ,"[{'text': 'RT', 'indices': [0, 3]}, {'text': 'KincadeFire', 'indices': [15, 27]}]",,official,#RT  CAL FIRE  #KincadeFire off John Kincade Road and Burned Mountain Road northeast of Geyserville in Sonoma Coun‚Ä¶  ,1
1191020324374171653,CALFIRE_PIO,2019-11-03 15:52:28,#rt  cal fire  #46fire off of 5300 block of 46th street east of jurupa valley in riverside county remains 328 acre‚Ä¶  ,"[{'text': 'RT', 'indices': [0, 3]}, {'text': '46Fire', 'indices': [15, 22]}]",,official,#RT  CAL FIRE  #46Fire off of 5300 block of 46th Street East of Jurupa Valley in Riverside County remains 328 acre‚Ä¶  ,1
1191020323270995972,CALFIRE_PIO,2019-11-03 15:52:27,#rt  cal fire  #mariafire off of bradley road and solano verde dr top of south mt santa paula in ventura county i‚Ä¶  ,"[{'text': 'RT', 'indices': [0, 3]}, {'text': 'MariaFire', 'indices': [15, 25]}]",,official,#RT  CAL FIRE  #MariaFire off of Bradley Road and Solano Verde Dr Top of South Mt Santa Paula in Ventura County i‚Ä¶  ,1
1191020322096586754,CALFIRE_PIO,2019-11-03 15:52:27,#rt  cal fire  #burrisfire off potter valley rd and hwy 20 east of calpella in mendocino county is 703 acres and 9‚Ä¶  ,"[{'text': 'RT', 'indices': [0, 3]}, {'text': 'BurrisFire', 'indices': [15, 26]}]",,official,#RT  CAL FIRE  #BurrisFire off Potter Valley Rd and Hwy 20 east of Calpella in Mendocino County is 703 acres and 9‚Ä¶  ,1
1191012527129292801,CAL_FIRE,2019-11-03 15:21:29,#kincadefire off john kincade road and burned mountain road northeast of geyserville in sonoma county is 77758 ac‚Ä¶  ,"[{'text': 'KincadeFire', 'indices': [0, 12]}]",,official,#KincadeFire off John Kincade Road and Burned Mountain Road northeast of Geyserville in Sonoma County is 77758 ac‚Ä¶  ,1
1191011773756821506,CountyVentura,2019-11-03 15:18:29,"#mariafire fact sheet for 11 3  vcfd pio 
-
hoja de datos sobre el #incendiomaria para el 3 de nov   ","[{'text': 'MariaFire', 'indices': [0, 10]}, {'text': 'IncendioMaria', 'indices': [67, 81]}]",,official,"#MariaFire Fact sheet for 11 3  VCFD PIO 
-
Hoja de datos sobre el #IncendioMaria para el 3 de nov   ",0
1191010437095018496,CAL_FIRE,2019-11-03 15:13:10,#46fire off of 5300 block of 46th street east of jurupa valley in riverside county remains 328 acres and 95  conta‚Ä¶  ,"[{'text': '46Fire', 'indices': [0, 7]}]",,official,#46Fire off of 5300 block of 46th Street East of Jurupa Valley in Riverside County remains 328 acres and 95  conta‚Ä¶  ,1
1191009384492519424,CAL_FIRE,2019-11-03 15:08:59,#mariafire off of bradley road and solano verde dr top of south mt santa paula in ventura county is 9412 acres an‚Ä¶  ,"[{'text': 'MariaFire', 'indices': [0, 10]}]",,official,#MariaFire off of Bradley Road and Solano Verde Dr Top of South Mt Santa Paula in Ventura County is 9412 acres an‚Ä¶  ,1
1191007820394549248,CAL_FIRE,2019-11-03 15:02:46,#burrisfire off potter valley rd and hwy 20 east of calpella in mendocino county is 703 acres and 98  contained ‚Ä¶  ,"[{'text': 'BurrisFire', 'indices': [0, 11]}]",,official,#BurrisFire off Potter Valley Rd and Hwy 20 east of Calpella in Mendocino County is 703 acres and 98  contained ‚Ä¶  ,1
1191007175784587265,CALFIRELNU,2019-11-03 15:00:13,#kincadefire off john kincade road and burned mountain road northeast of geyserville in sonoma county is 77758 ac‚Ä¶  ,"[{'text': 'KincadeFire', 'indices': [0, 12]}]",,official,#KincadeFire off John Kincade Road and Burned Mountain Road northeast of Geyserville in Sonoma County is 77758 ac‚Ä¶  ,1
1190992430243467265,CALFIRESHU,2019-11-03 14:01:37, ,[],,official, ,0
1190927832815304704,Caltrans8,2019-11-03 09:44:56,all lanes are opened  ,[],,official,All lanes are opened  ,0
1190852197447172097,Caltrans8,2019-11-03 04:44:23,police investigation  unknown duration   ,[],,official,Police investigation  Unknown duration   ,0
1190846888653643777,Caltrans8,2019-11-03 04:23:17,rivco  wb sr-91 in riverside at auto center dr  all lanes are currently blocked  #caltrans8,"[{'text': 'Caltrans8', 'indices': [82, 92]}]",,official,RIVCO  WB SR-91 in Riverside at Auto Center Dr  all lanes are currently blocked  #Caltrans8,1
1190839171935547393,CALFIRE_PIO,2019-11-03 03:52:37,#rt  cal fire  #kincadefire off john kincade road and burned mountain road northeast of geyserville in sonoma coun‚Ä¶  ,"[{'text': 'RT', 'indices': [0, 3]}, {'text': 'KincadeFire', 'indices': [15, 27]}]",,official,#RT  CAL FIRE  #KincadeFire off John Kincade Road and Burned Mountain Road northeast of Geyserville in Sonoma Coun‚Ä¶  ,1
1190839170006224903,CALFIRE_PIO,2019-11-03 03:52:37,#rt  cal fire  #46fire off of 5300 block of 46th street east of jurupa valley in riverside county remains 328 acre‚Ä¶  ,"[{'text': 'RT', 'indices': [0, 3]}, {'text': '46Fire', 'indices': [15, 22]}]",,official,#RT  CAL FIRE  #46Fire off of 5300 block of 46th Street East of Jurupa Valley in Riverside County remains 328 acre‚Ä¶  ,1
1190839168647258112,CALFIRE_PIO,2019-11-03 03:52:37,#rt  cal fire  #easyfire off west easy street and west los angeles avenue simi valley in ventura county is 1806 a‚Ä¶  ,"[{'text': 'RT', 'indices': [0, 3]}, {'text': 'EasyFire', 'indices': [15, 24]}]",,official,#RT  CAL FIRE  #EasyFire off West Easy Street and West Los Angeles Avenue Simi Valley in Ventura County is 1806 a‚Ä¶  ,1
1190839167179206658,CALFIRE_PIO,2019-11-03 03:52:36,#rt  cal fire  #mariafire off of bradley road and solano verde dr top of south mt santa paula in ventura county i‚Ä¶  ,"[{'text': 'RT', 'indices': [0, 3]}, {'text': 'MariaFire', 'indices': [15, 25]}]",,official,#RT  CAL FIRE  #MariaFire off of Bradley Road and Solano Verde Dr Top of South Mt Santa Paula in Ventura County i‚Ä¶  ,1
1190820909294276610,CountyVentura,2019-11-03 02:40:03,"üçÇ ya se cambi√≥ el clima  üçÇ ¬°no se olvide cambiar los relojes 

üï∞ el horario de verano termina a las 2    este dom‚Ä¶  ",[],,official,"üçÇ Ya se cambi√≥ el clima  üçÇ ¬°No se olvide cambiar los relojes 

üï∞ El Horario de Verano termina a las 2    este dom‚Ä¶  ",0
1190818682525536262,CaltransDist3,2019-11-03 02:31:12,rt  chpsouthsac  fatal traffic collision northbound i-5 just north of elk grove blvd  all lanes at this location are closed with an eto of‚Ä¶,[],,official,RT  CHPSouthSac  Fatal traffic collision northbound I-5 just north of Elk Grove Blvd  All lanes at this location are closed with an ETO of‚Ä¶,1
1190818216156655616,CAL_FIRE,2019-11-03 02:29:21,#kincadefire off john kincade road and burned mountain road northeast of geyserville in sonoma county is 77758 ac‚Ä¶  ,"[{'text': 'KincadeFire', 'indices': [0, 12]}]",,official,#KincadeFire off John Kincade Road and Burned Mountain Road northeast of Geyserville in Sonoma County is 77758 ac‚Ä¶  ,1
1190817134131269632,VCFD,2019-11-03 02:25:03,register at #vcalert today to know about developing incidents in your community     ,"[{'text': 'VCAlert', 'indices': [12, 20]}]",,official,Register at #VCAlert today to know about developing incidents in your community     ,0
1190814904481042432,CAL_FIRE,2019-11-03 02:16:12,#46fire off of 5300 block of 46th street east of jurupa valley in riverside county remains 328 acres and 90  conta‚Ä¶  ,"[{'text': '46Fire', 'indices': [0, 7]}]",,official,#46Fire off of 5300 block of 46th Street East of Jurupa Valley in Riverside County remains 328 acres and 90  conta‚Ä¶  ,1
1190810996639617024,CALFIRELNU,2019-11-03 02:00:40,#kincadefire off john kincade road and burned mountain road northeast of geyserville in sonoma county is 77758 ac‚Ä¶  ,"[{'text': 'KincadeFire', 'indices': [0, 12]}]",,official,#KincadeFire off John Kincade Road and Burned Mountain Road northeast of Geyserville in Sonoma County is 77758 ac‚Ä¶  ,1
1190810736043290626,CAL_FIRE,2019-11-03 01:59:38,#easyfire off west easy street and west los angeles avenue simi valley in ventura county is 1806 acres and 100  c‚Ä¶  ,"[{'text': 'EasyFire', 'indices': [0, 9]}]",,official,#EasyFire off West Easy Street and West Los Angeles Avenue Simi Valley in Ventura County is 1806 acres and 100  c‚Ä¶  ,1
1190809285908762624,CAL_FIRE,2019-11-03 01:53:52,#mariafire off of bradley road and solano verde dr top of south mt santa paula in ventura county is 9412 acres an‚Ä¶  ,"[{'text': 'MariaFire', 'indices': [0, 10]}]",,official,#MariaFire off of Bradley Road and Solano Verde Dr Top of South Mt Santa Paula in Ventura County is 9412 acres an‚Ä¶  ,1
1190808854818410497,CALFIRE_PIO,2019-11-03 01:52:09,#rt  cal fire  #hillfire off of granite hill and pyrite street in jurupa valley in riverside county is 494 acres a‚Ä¶  ,"[{'text': 'RT', 'indices': [0, 3]}, {'text': 'HillFire', 'indices': [15, 24]}]",,official,#RT  CAL FIRE  #HillFire off of Granite Hill and Pyrite Street in Jurupa Valley in Riverside County is 494 acres a‚Ä¶  ,1
1190808853627260928,CALFIRE_PIO,2019-11-03 01:52:09,#rt  cal fire  #burrisfire off potter valley rd and hwy 20 east of calpella in mendocino county is 703 acres and 9‚Ä¶  ,"[{'text': 'RT', 'indices': [0, 3]}, {'text': 'BurrisFire', 'indices': [15, 26]}]",,official,#RT  CAL FIRE  #BurrisFire off Potter Valley Rd and Hwy 20 east of Calpella in Mendocino County is 703 acres and 9‚Ä¶  ,1
1190808852050186241,CALFIRE_PIO,2019-11-03 01:52:09,#rt  cal fire  #daylightsaving time ends tomorrow so after you change the time on your clocks also test the batteri‚Ä¶  ,"[{'text': 'RT', 'indices': [0, 3]}, {'text': 'DaylightSaving', 'indices': [15, 30]}]",,official,#RT  CAL FIRE  #DaylightSaving time ends tomorrow so after you change the time on your clocks also test the batteri‚Ä¶  ,1
1190808005203202048,CAL_FIRE,2019-11-03 01:48:47,#hillfire off of granite hill and pyrite street in jurupa valley in riverside county is 494 acres and 100  contain‚Ä¶  ,"[{'text': 'HillFire', 'indices': [0, 9]}]",,official,#HillFire off of Granite Hill and Pyrite Street in Jurupa Valley in Riverside County is 494 acres and 100  contain‚Ä¶  ,1
1190806839136382977,Caltrans9,2019-11-03 01:44:09,kern county - eastbound sr 58 near tehachapi is now reopened to through traffic ,[],,official,Kern County - Eastbound SR 58 near Tehachapi is now reopened to through traffic ,0
1190806641693741056,CAL_FIRE,2019-11-03 01:43:22,#burrisfire off potter valley rd and hwy 20 east of calpella in mendocino county is 703 acres and 97  contained ‚Ä¶  ,"[{'text': 'BurrisFire', 'indices': [0, 11]}]",,official,#BurrisFire off Potter Valley Rd and Hwy 20 east of Calpella in Mendocino County is 703 acres and 97  contained ‚Ä¶  ,1
1190803307146690561,CountyVentura,2019-11-03 01:30:07,"üçÇ it‚Äôs time to fall back  üçÇ

üï∞ don‚Äôt forget to set your clocks back an hour tonight  daylight saving time ends at 2‚Ä¶  ",[],,official,"üçÇ It‚Äôs time to fall back  üçÇ

üï∞ Don‚Äôt forget to set your clocks back an hour tonight  Daylight Saving Time ends at 2‚Ä¶  ",0
1190798303115366402,Caltrans9,2019-11-03 01:10:14,kern county - eastbound state route 58 is closed at mill street near tehachapi due to a brush fire  avoid this sect‚Ä¶  ,[],,official,Kern County - Eastbound State Route 58 is closed at Mill Street near Tehachapi due to a brush fire  Avoid this sect‚Ä¶  ,1
1190784316487303168,CaltransDist6,2019-11-03 00:14:39,madera county update  all lanes now open and clear   ,[],,official,MADERA COUNTY Update  All lanes now open and clear   ,0
1190780629215899648,CAL_FIRE,2019-11-03 00:00:00,#daylightsaving time ends tomorrow so after you change the time on your clocks also test the batteries in your smok‚Ä¶  ,"[{'text': 'DaylightSaving', 'indices': [0, 15]}]",,official,#DaylightSaving time ends tomorrow so after you change the time on your clocks also test the batteries in your smok‚Ä¶  ,0
1190774541250912257,CALFIRESANDIEGO,2019-11-02 23:35:48,#crestwoodfire near campo  final  fire is now 100  contained  firefighters will remain at scene overnight to patrol‚Ä¶  ,"[{'text': 'CrestwoodFire', 'indices': [0, 14]}]",,official,#CrestwoodFire near Campo  final  Fire is now 100  contained  Firefighters will remain at scene overnight to patrol‚Ä¶  ,1
1190756285693616128,CaltransDist6,2019-11-02 22:23:16,madera county update  southbound 99 remains closed just north of chowchilla at this time  traffic is being detoure‚Ä¶  ,[],,official,MADERA COUNTY Update  Southbound 99 remains closed just north of Chowchilla at this time  Traffic is being detoure‚Ä¶  ,1
1190750536707928064,CALFIRELNU,2019-11-02 22:00:25,#kincadefire repopulation update for saturday november 2 2019 at 3 00 pm  more here     ,"[{'text': 'kincadefire', 'indices': [0, 12]}]",,official,#kincadefire Repopulation Update for Saturday November 2 2019 at 3 00 PM  More Here     ,1
1190730443085139973,CountyVentura,2019-11-02 20:40:34,"press conference update #mariafire  vcfd pio 
-
habr√° una rueda de prensa hoy en el ventura county sheriff‚Äôs dept ‚Ä¶  ","[{'text': 'MariaFire', 'indices': [24, 34]}]",,official,"Press conference update #MariaFire  VCFD PIO 
-
Habr√° una rueda de prensa hoy en el Ventura County Sheriff‚Äôs Dept ‚Ä¶  ",0
1190711353628971008,CountyVentura,2019-11-02 19:24:43, vchumanservices  micop805  cause805,[],,official, VCHumanServices  MICOP805  CAUSE805,0
1190711164864360448,CountyVentura,2019-11-02 19:23:58, vchumanservices  micop805  cause805,[],,official, VCHumanServices  MICOP805  CAUSE805,0
1190710776731856897,CountyVentura,2019-11-02 19:22:26,mixteco video - nuevo video en mixteco  israel v√°squez con el programa de recursos para trabajadores agr√≠colas del‚Ä¶  ,[],,official,Mixteco video - NUEVO video en mixteco  Israel V√°squez con el Programa de Recursos para Trabajadores Agr√≠colas del‚Ä¶  ,0
1190710412704022528,CountyVentura,2019-11-02 19:20:59,spanish message - mensaje en espa√±ol  israel v√°squez con el programa de recursos para trabajadores agr√≠colas del c‚Ä¶  ,[],,official,Spanish message - Mensaje en espa√±ol  Israel V√°squez con el Programa de Recursos para Trabajadores Agr√≠colas del C‚Ä¶  ,0
1190710295636824064,CaltransDist7,2019-11-02 19:20:31,reminder  northbound i-710 is restricted to two lanes at florence ave this weekend for paving work  expect delays i‚Ä¶  ,[],,official,Reminder  Northbound I-710 is restricted to TWO lanes at Florence Ave this weekend for paving work  Expect delays i‚Ä¶  ,1
1190707679347564544,VCFD,2019-11-02 19:10:07,"need n95 masks  
visits   for distribution locations and information on obtaining the current‚Ä¶  ",[],,official,"Need N95 Masks  
Visits   for distribution locations and information on obtaining the current‚Ä¶  ",0
1190704471065518080,CALFIREAEU,2019-11-02 18:57:22,"are you or someone you know interested in joining cal fire for the 2020 fire season  

applications are now open fo‚Ä¶  ",[],,official,"Are you or someone you know interested in joining CAL FIRE for the 2020 fire season  

Applications are now open fo‚Ä¶  ",0
1190695861354786819,CALFIRELNU,2019-11-02 18:23:10,el incendio de kinkade en la carretera john kincade y la carretera de monta√±a quemada al noreste de geyserville en‚Ä¶  ,[],,official,El incendio de Kinkade en la carretera John Kincade y la carretera de Monta√±a Quemada al noreste de Geyserville en‚Ä¶  ,0
1190682246434312192,CountyVentura,2019-11-02 17:29:04,"evacuation update from  venturasheriff 
   
evacuaciones suspendidas vea el volante adjunto o visite al‚Ä¶  ",[],,official,"Evacuation update from  VENTURASHERIFF 
   
Evacuaciones suspendidas vea el volante adjunto o visite al‚Ä¶  ",0
1190680065308119047,CountyVentura,2019-11-02 17:20:23," vcfd pio price rd 
hondo ranch rd 
aggen rd 
berylwood rd 
e la loma ave",[],,official," VCFD PIO Price Rd 
Hondo Ranch Rd 
Aggen Rd 
Berylwood Rd 
E La Loma Ave",0
1190680026951208960,CountyVentura,2019-11-02 17:20:14,"1 2 areas where evac  orders lifted #mariafire  vcfd pio 
   
suspensi√≥n de las √≥rdenes de evacuaci√≥n obligatorias‚Ä¶  ","[{'text': 'MariaFire', 'indices': [36, 46]}]",,official,"1 2 Areas where evac  orders lifted #MariaFire  VCFD PIO 
   
Suspensi√≥n de las √≥rdenes de evacuaci√≥n obligatorias‚Ä¶  ",0
1190676576934883328,CaltransDist3,2019-11-02 17:06:32,rt  calfire butteco  yesterday the chico air attack base hosted an orientation of copter 205 from vina helitack  attended by cal fire and‚Ä¶,[],,official,RT  CALFIRE ButteCo  Yesterday the Chico Air Attack Base hosted an orientation of Copter 205 from Vina Helitack  Attended by CAL FIRE and‚Ä¶,1
1190670328969617408,CALFIRE_SLO,2019-11-02 16:41:42,calfire slo county fire paso robles fd templeton fd assisting mda with  firefighter fill the boot  donation  at t‚Ä¶  ,[],,official,CALFIRE SLO County Fire Paso Robles FD Templeton FD assisting MDA with  Firefighter Fill the Boot  donation  At t‚Ä¶  ,1
1190669830497529856,CountyVentura,2019-11-02 16:39:43, vcfd pio en la mayor√≠a de las situaciones si se ven drones cerca de un incendio los aviones de extinci√≥n de ince‚Ä¶  ,[],,official, VCFD PIO En la mayor√≠a de las situaciones si se ven drones cerca de un incendio los aviones de extinci√≥n de ince‚Ä¶  ,0
1190669530952916992,CountyVentura,2019-11-02 16:38:32,"üö®drone warning from  vcfd pio üö®
   
un peque√±o drone puede causar un accidente grave o fatal si choca con un avi√≥n‚Ä¶  ",[],,official,"üö®Drone warning from  VCFD PIO üö®
   
Un peque√±o drone puede causar un accidente grave o fatal si choca con un avi√≥n‚Ä¶  ",0
1190667382777364485,CaltransDist7,2019-11-02 16:30:00,"i-5 pavement rehab project in #santaclarita #castaic #la

here are the planned closures tonight  sat  night sun  mo‚Ä¶  ","[{'text': 'SantaClarita', 'indices': [30, 43]}, {'text': 'Castaic', 'indices': [44, 52]}, {'text': 'LA', 'indices': [53, 56]}]",,official,"I-5 Pavement Rehab Project in #SantaClarita #Castaic #LA

Here are the planned closures tonight  Sat  night Sun  mo‚Ä¶  ",1
1190666666973073408,CountyVentura,2019-11-02 16:27:09,"#mariafire 11 2 fact sheet from  vcfd pio 
   
hoja de datos para el #incendiomaria del 2 de nov   ","[{'text': 'MariaFire', 'indices': [0, 10]}, {'text': 'IncendioMaria', 'indices': [69, 83]}]",,official,"#MariaFire 11 2 Fact Sheet from  VCFD PIO 
   
Hoja de datos para el #IncendioMaria del 2 de nov   ",0
1190665520393183233,CaltransHQ,2019-11-02 16:22:36,#trafficalert  fire related state hwy  closures - saturday nov  2nd   9 30 am  please note conditions are subject‚Ä¶  ,"[{'text': 'TrafficAlert', 'indices': [0, 13]}]",,official,#TrafficAlert  Fire related State Hwy  Closures - Saturday Nov  2nd   9 30 AM  Please note conditions are subject‚Ä¶  ,1
1190662866291982336,CaltransHQ,2019-11-02 16:12:03,rt  cagovernor   californians deserve world-class utilities that prioritize safety and affordability entities that will lead the world in‚Ä¶,[],,official,RT  CAgovernor   Californians deserve world-class utilities that prioritize safety and affordability entities that will lead the world in‚Ä¶,0
1190662835761635328,CaltransHQ,2019-11-02 16:11:56,rt  cagovernor  ‚Äúthis cannot ‚Äî and will not ‚Äî be the new normal  california demands better  pg&amp e customers deserve a utility that leads the‚Ä¶,[],,official,RT  CAgovernor  ‚ÄúThis cannot ‚Äî and will not ‚Äî be the new normal  California demands better  PG&amp E customers deserve a utility that leads the‚Ä¶,0
1190657862009262081,CALFIRE_PIO,2019-11-02 15:52:10,#rt  cal fire  #kincadefire off john kincade road and burned mountain road northeast of geyserville in sonoma coun‚Ä¶  ,"[{'text': 'RT', 'indices': [0, 3]}, {'text': 'KincadeFire', 'indices': [15, 27]}]",,official,#RT  CAL FIRE  #KincadeFire off John Kincade Road and Burned Mountain Road northeast of Geyserville in Sonoma Coun‚Ä¶  ,1
1190657860524531718,CALFIRE_PIO,2019-11-02 15:52:09,#rt  cal fire  #46fire off of 5300 block of 46th street east of jurupa valley in riverside county remains 300 acre‚Ä¶  ,"[{'text': 'RT', 'indices': [0, 3]}, {'text': '46Fire', 'indices': [15, 22]}]",,official,#RT  CAL FIRE  #46Fire off of 5300 block of 46th Street East of Jurupa Valley in Riverside County remains 300 acre‚Ä¶  ,1
1190657858897096706,CALFIRE_PIO,2019-11-02 15:52:09,#rt  cal fire  #easyfire off west easy street and west los angeles avenue simi valley in ventura county is 1806 a‚Ä¶  ,"[{'text': 'RT', 'indices': [0, 3]}, {'text': 'EasyFire', 'indices': [15, 24]}]",,official,#RT  CAL FIRE  #EasyFire off West Easy Street and West Los Angeles Avenue Simi Valley in Ventura County is 1806 a‚Ä¶  ,1
1190657857617846273,CALFIRE_PIO,2019-11-02 15:52:09,#rt  cal fire  #mariafire off of bradley road and solano verde dr top of south mt santa paula in ventura county i‚Ä¶  ,"[{'text': 'RT', 'indices': [0, 3]}, {'text': 'MariaFire', 'indices': [15, 25]}]",,official,#RT  CAL FIRE  #MariaFire off of Bradley Road and Solano Verde Dr Top of South Mt Santa Paula in Ventura County i‚Ä¶  ,1
1190657856288296960,CALFIRE_PIO,2019-11-02 15:52:08,#rt  cal fire  #hillfire off of granite valley and pyrite street in jurupa valley in riverside county is 494 acres‚Ä¶  ,"[{'text': 'RT', 'indices': [0, 3]}, {'text': 'HillFire', 'indices': [15, 24]}]",,official,#RT  CAL FIRE  #HillFire off of Granite Valley and Pyrite Street in Jurupa Valley in Riverside County is 494 acres‚Ä¶  ,1
1190657854816079872,CALFIRE_PIO,2019-11-02 15:52:08,#rt  cal fire  #burrisfire off potter valley rd and hwy 20 east of calpella in mendocino county is 703 acres and 9‚Ä¶  ,"[{'text': 'RT', 'indices': [0, 3]}, {'text': 'BurrisFire', 'indices': [15, 26]}]",,official,#RT  CAL FIRE  #BurrisFire off Potter Valley Rd and Hwy 20 east of Calpella in Mendocino County is 703 acres and 9‚Ä¶  ,1
1190657615199686657,CALFIRESANDIEGO,2019-11-02 15:51:11,#crestwoodfire near campo  update  fire has been mapped at 32 acres and is 45  contained  all roads open  please d‚Ä¶  ,"[{'text': 'CrestwoodFire', 'indices': [0, 14]}]",,official,#CrestwoodFire near Campo  update  Fire has been mapped at 32 acres and is 45  contained  All roads open  please d‚Ä¶  ,0
1190655009232318469,CaltransDist3,2019-11-02 15:40:50,rt  chp sac   sac  south sac sr12   terminous rd   trfc collision-no inj    ,[],,official,RT  chp sac   SAC  South Sac Sr12   Terminous Rd   Trfc Collision-No Inj    ,0
1190652407312568320,CaltransDist3,2019-11-02 15:30:29,while traveling today remember emergency guardrail work is happening on southbound i-5 near arena blvd  until 2     ,[],,official,While traveling today remember emergency guardrail work is happening on southbound I-5 near Arena Blvd  until 2     ,0
1190648917358043136,CaltransDist3,2019-11-02 15:16:37,"see those flashing lights ahead  they help keep our workers safe  be sure and do your part and #moveover  
  ","[{'text': 'MoveOver', 'indices': [96, 105]}]",,official,"See those flashing lights ahead  They help keep our workers safe  Be sure and do your part and #MoveOver  
  ",0
1190643871765520386,CaltransDist3,2019-11-02 14:56:34,rt  chp sac   chico  yuba sutter sr20   plantz rd   trfc collision-1141 enrt    ,[],,official,RT  chp sac   CHICO  Yuba Sutter Sr20   Plantz Rd   Trfc Collision-1141 Enrt    ,0
1190643101687091203,CALFIRE_MEU,2019-11-02 14:53:31,#burrisfire update  703 acres 96  contained,"[{'text': 'BurrisFire', 'indices': [0, 11]}]",,official,#BurrisFire Update  703 acres 96  contained,0
1190642155997368322,CAL_FIRE,2019-11-02 14:49:45,#kincadefire off john kincade road and burned mountain road northeast of geyserville in sonoma county is 77758 ac‚Ä¶  ,"[{'text': 'KincadeFire', 'indices': [0, 12]}]",,official,#KincadeFire off John Kincade Road and Burned Mountain Road northeast of Geyserville in Sonoma County is 77758 ac‚Ä¶  ,1
1190639740199919616,CaltransDist3,2019-11-02 14:40:09,#trafficalert  i-5 southbound near arena blvd  the #1 lane is closed for guardrail repair  eto 2    reminder ‚Äúslo‚Ä¶  ,"[{'text': 'TrafficAlert', 'indices': [0, 13]}]",,official,#TrafficAlert  I-5 southbound near Arena Blvd  the #1 lane is closed for guardrail repair  ETO 2    Reminder ‚ÄúSlo‚Ä¶  ,1
1190636974505201664,CAL_FIRE,2019-11-02 14:29:10,#46fire off of 5300 block of 46th street east of jurupa valley in riverside county remains 300 acres and 85  conta‚Ä¶  ,"[{'text': '46Fire', 'indices': [0, 7]}]",,official,#46Fire off of 5300 block of 46th Street East of Jurupa Valley in Riverside County remains 300 acres and 85  conta‚Ä¶  ,1
1190635956841435136,CALFIRESANDIEGO,2019-11-02 14:25:07,#crestwoodfire near campo  update  the fire‚Äôs forward rate of spread has been stopped at 20 acres  firefighters wil‚Ä¶  ,"[{'text': 'CrestwoodFire', 'indices': [0, 14]}]",,official,#CrestwoodFire near Campo  update  The fire‚Äôs forward rate of spread has been stopped at 20 acres  Firefighters wil‚Ä¶  ,1
1190635755980197889,CAL_FIRE,2019-11-02 14:24:19,#easyfire off west easy street and west los angeles avenue simi valley in ventura county is 1806 acres and 95  co‚Ä¶  ,"[{'text': 'EasyFire', 'indices': [0, 9]}]",,official,#EasyFire off West Easy Street and West Los Angeles Avenue Simi Valley in Ventura County is 1806 acres and 95  co‚Ä¶  ,1
1190634637577486336,CAL_FIRE,2019-11-02 14:19:53,#mariafire off of bradley road and solano verde dr top of south mt santa paula in ventura county is 9412 acres an‚Ä¶  ,"[{'text': 'MariaFire', 'indices': [0, 10]}]",,official,#MariaFire off of Bradley Road and Solano Verde Dr Top of South Mt Santa Paula in Ventura County is 9412 acres an‚Ä¶  ,1
1190632982219870208,CAL_FIRE,2019-11-02 14:13:18,#hillfire off of granite valley and pyrite street in jurupa valley in riverside county is 494 acres and 95  contai‚Ä¶  ,"[{'text': 'HillFire', 'indices': [0, 9]}]",,official,#HillFire off of Granite Valley and Pyrite Street in Jurupa Valley in Riverside County is 494 acres and 95  contai‚Ä¶  ,1
1190632891610353664,CountyVentura,2019-11-02 14:12:56,"#mariafire morning update from  vcfd pio 
-
buenos d√≠as desde la cima de south mountain   los bomberos de ayuda mut‚Ä¶  ","[{'text': 'MariaFire', 'indices': [0, 10]}]",,official,"#MariaFire morning update from  VCFD PIO 
-
Buenos d√≠as desde la cima de South Mountain   Los bomberos de ayuda mut‚Ä¶  ",0
1190631818006908941,CaltransDist7,2019-11-02 14:08:40,nb i-5 in #burbank has only two lanes open for traffic this weekend until 5am monday 11 4  avoid traffic delay - u‚Ä¶  ,"[{'text': 'Burbank', 'indices': [10, 18]}]",,official,NB I-5 in #Burbank has only two lanes open for traffic this weekend until 5AM Monday 11 4  Avoid traffic delay - u‚Ä¶  ,0
1190631017461084160,CAL_FIRE,2019-11-02 14:05:30,#burrisfire off potter valley rd and hwy 20 east of calpella in mendocino county is 703 acres and 96  contained ‚Ä¶  ,"[{'text': 'BurrisFire', 'indices': [0, 11]}]",,official,#BurrisFire off Potter Valley Rd and Hwy 20 east of Calpella in Mendocino County is 703 acres and 96  contained ‚Ä¶  ,1
1190630215556329473,CALFIRELNU,2019-11-02 14:02:18,#kincadefire off john kincade road and burned mountain road northeast of geyserville in sonoma county is 77758 ac‚Ä¶  ,"[{'text': 'KincadeFire', 'indices': [0, 12]}]",,official,#KincadeFire off John Kincade Road and Burned Mountain Road northeast of Geyserville in Sonoma County is 77758 ac‚Ä¶  ,1
1190624679267930112,CALFIRE_SLO,2019-11-02 13:40:18,rt  calfire slo   slo city fire was able to utilize their utv side by side to quickly assist the hiker from the top of madonna mtn  to san‚Ä¶,[],,official,RT  CALFIRE SLO   SLO City Fire was able to utilize their UTV side by side to quickly assist the hiker from the top of Madonna Mtn  to San‚Ä¶,1
1190624281442410497,CALFIRE_SLO,2019-11-02 13:38:44,the #mariafire has now burned approx  9400 acres within ventura county  some evacuation orders starting to be lift‚Ä¶  ,"[{'text': 'MariaFire', 'indices': [4, 14]}]",,official,The #MariaFire has now burned approx  9400 acres within Ventura County  Some evacuation orders starting to be lift‚Ä¶  ,1
1190620710621704192,CountyVentura,2019-11-02 13:24:32,"  vcfd pio update on evac  orders #mariafire 
-
#incendiomaria se han suspendido las √≥rdenes de evacuaci√≥n para las‚Ä¶  ","[{'text': 'MariaFire', 'indices': [34, 44]}, {'text': 'IncendioMaria', 'indices': [48, 62]}]",,official,"  VCFD PIO Update on evac  orders #MariaFire 
-
#IncendioMaria Se han suspendido las √≥rdenes de evacuaci√≥n para las‚Ä¶  ",1
1190562198973607936,CaltransDist6,2019-11-02 09:32:02,madera county  southbound state route 99 is currently closed just south of chowchilla boulevard due to a multi-vehi‚Ä¶  ,[],,official,MADERA COUNTY  Southbound State Route 99 is currently CLOSED just south of Chowchilla Boulevard due to a multi-vehi‚Ä¶  ,1
1190558513614868480,Caltrans8,2019-11-02 09:17:23,update  collision cleared all lanes open  ,[],,official,Update  Collision cleared all lanes open  ,0
1190555665653059584,Caltrans8,2019-11-02 09:06:04,update  collision cleared all lanes open  ,[],,official,Update  Collision cleared all lanes open  ,0
1190545792768958466,Caltrans8,2019-11-02 08:26:50,sbco  nb sr-15 north of duncan canyon rd in fontana  traffic collision blocking lanes #3 #4 and shoulder  unknown‚Ä¶  ,[],,official,SBCO  NB SR-15 north of Duncan Canyon Rd in Fontana  Traffic collision blocking lanes #3 #4 and shoulder  Unknown‚Ä¶  ,1
1190476670584668160,CALFIRE_PIO,2019-11-02 03:52:10,#rt  cal fire  #easyfire off west easy street and west los angeles avenue simi valley in ventura county is 1806 a‚Ä¶  ,"[{'text': 'RT', 'indices': [0, 3]}, {'text': 'EasyFire', 'indices': [15, 24]}]",,official,#RT  CAL FIRE  #EasyFire off West Easy Street and West Los Angeles Avenue Simi Valley in Ventura County is 1806 a‚Ä¶  ,1
1190476668663664640,CALFIRE_PIO,2019-11-02 03:52:10,#rt  cal fire  #kincadefire off john kincade road and burned mountain road northeast of geyserville in sonoma coun‚Ä¶  ,"[{'text': 'RT', 'indices': [0, 3]}, {'text': 'KincadeFire', 'indices': [15, 27]}]",,official,#RT  CAL FIRE  #KincadeFire off John Kincade Road and Burned Mountain Road northeast of Geyserville in Sonoma Coun‚Ä¶  ,1
1190476667183095808,CALFIRE_PIO,2019-11-02 03:52:10,#rt  cal fire  #46fire off of 5300 block of 46th street east of jurupa valley in riverside county is 300 acres and‚Ä¶  ,"[{'text': 'RT', 'indices': [0, 3]}, {'text': '46Fire', 'indices': [15, 22]}]",,official,#RT  CAL FIRE  #46Fire off of 5300 block of 46th Street East of Jurupa Valley in Riverside County is 300 acres and‚Ä¶  ,1
1190476665161441280,CALFIRE_PIO,2019-11-02 03:52:09,#rt  cal fire  #mariafire off of bradley road and solano verde dr top of south mt santa paula in ventura county i‚Ä¶  ,"[{'text': 'RT', 'indices': [0, 3]}, {'text': 'MariaFire', 'indices': [15, 25]}]",,official,#RT  CAL FIRE  #MariaFire off of Bradley Road and Solano Verde Dr Top of South Mt Santa Paula in Ventura County i‚Ä¶  ,1
1190476663513133057,CALFIRE_PIO,2019-11-02 03:52:09,#rt  cal fire  #hillfire off of granite valley and pyrite street in jurupa valley in riverside county is 628 acres‚Ä¶  ,"[{'text': 'RT', 'indices': [0, 3]}, {'text': 'HillFire', 'indices': [15, 24]}]",,official,#RT  CAL FIRE  #HillFire off of Granite Valley and Pyrite Street in Jurupa Valley in Riverside County is 628 acres‚Ä¶  ,1
1190476661894111232,CALFIRE_PIO,2019-11-02 03:52:08,#rt  cal fire  #burrisfire off potter valley rd and hwy 20 east of calpella in mendocino county is 703 acres and 9‚Ä¶  ,"[{'text': 'RT', 'indices': [0, 3]}, {'text': 'BurrisFire', 'indices': [15, 26]}]",,official,#RT  CAL FIRE  #BurrisFire off Potter Valley Rd and Hwy 20 east of Calpella in Mendocino County is 703 acres and 9‚Ä¶  ,1
1190472790622625793,CaltransDist6,2019-11-02 03:36:45,bakersfield update  all lanes are now open and clear on southbound sr 99   ,[],,official,BAKERSFIELD Update  All lanes are now open and clear on Southbound SR 99   ,0
1190463654929534977,Caltrans8,2019-11-02 03:00:27,#60swarm continues this weekend with westbound sr-60 closures from friday at 10pm  to monday at 5am   remember to u‚Ä¶  ,"[{'text': '60Swarm', 'indices': [0, 8]}]",,official,#60Swarm continues this weekend with westbound SR-60 closures from Friday at 10pm  to Monday at 5am   Remember to u‚Ä¶  ,1
1190460420475125761,Caltrans8,2019-11-02 02:47:36,sbco  us-395 in adeltano closed in both directions from mojave to cactus due to police activity  unknown duration o‚Ä¶  ,[],,official,SBCO  US-395 in Adeltano closed in both directions from Mojave to Cactus due to police activity  Unknown duration o‚Ä¶  ,1
1190458832683556864,CAL_FIRE,2019-11-02 02:41:18,#easyfire off west easy street and west los angeles avenue simi valley in ventura county is 1806 acres and 80  co‚Ä¶  ,"[{'text': 'EasyFire', 'indices': [0, 9]}]",,official,#EasyFire off West Easy Street and West Los Angeles Avenue Simi Valley in Ventura County is 1806 acres and 80  co‚Ä¶  ,1
1190456190003634176,CAL_FIRE,2019-11-02 02:30:47,#kincadefire off john kincade road and burned mountain road northeast of geyserville in sonoma county is 77758 ac‚Ä¶  ,"[{'text': 'KincadeFire', 'indices': [0, 12]}]",,official,#KincadeFire off John Kincade Road and Burned Mountain Road northeast of Geyserville in Sonoma County is 77758 ac‚Ä¶  ,1
1190454566032031744,CAL_FIRE,2019-11-02 02:24:20,#46fire off of 5300 block of 46th street east of jurupa valley in riverside county is 300 acres and 85  contained ‚Ä¶  ,"[{'text': '46Fire', 'indices': [0, 7]}]",,official,#46Fire off of 5300 block of 46th Street East of Jurupa Valley in Riverside County is 300 acres and 85  contained ‚Ä¶  ,1
1190453890560299008,Caltrans8,2019-11-02 02:21:39,update  collision cleared all lanes open   ,[],,official,Update  Collision cleared all lanes open   ,0
1190453004786266112,CAL_FIRE,2019-11-02 02:18:08,#mariafire off of bradley road and solano verde dr top of south mt santa paula in ventura county is 9412 acres  l‚Ä¶  ,"[{'text': 'MariaFire', 'indices': [0, 10]}]",,official,#MariaFire off of Bradley Road and Solano Verde Dr Top of South Mt Santa Paula in Ventura County is 9412 acres  L‚Ä¶  ,1
1190452304375242752,CAL_FIRE,2019-11-02 02:15:21,#hillfire off of granite valley and pyrite street in jurupa valley in riverside county is 628 acres and 95  contai‚Ä¶  ,"[{'text': 'HillFire', 'indices': [0, 9]}]",,official,#HillFire off of Granite Valley and Pyrite Street in Jurupa Valley in Riverside County is 628 acres and 95  contai‚Ä¶  ,1
1190451678903824384,CAL_FIRE,2019-11-02 02:12:52,#burrisfire off potter valley rd and hwy 20 east of calpella in mendocino county is 703 acres and 95  contained ‚Ä¶  ,"[{'text': 'BurrisFire', 'indices': [0, 11]}]",,official,#BurrisFire off Potter Valley Rd and Hwy 20 east of Calpella in Mendocino County is 703 acres and 95  contained ‚Ä¶  ,1
1190447644033736704,CALFIRELNU,2019-11-02 01:56:50,#kincadefire off john kincade road and burned mountain road northeast of geyserville in sonoma county is 77758 ac‚Ä¶  ,"[{'text': 'KincadeFire', 'indices': [0, 12]}]",,official,#KincadeFire off John Kincade Road and Burned Mountain Road northeast of Geyserville in Sonoma County is 77758 ac‚Ä¶  ,1
1190437983427514368,VCFD,2019-11-02 01:18:27,#mariafire  a look inside our leadership integration meeting from earlier tonight   #vcfd and  venturasheriff both‚Ä¶  ,"[{'text': 'MariaFire', 'indices': [0, 10]}, {'text': 'VCFD', 'indices': [84, 89]}]",,official,#MariaFire  A look inside our leadership integration meeting from earlier tonight   #VCFD and  VENTURASHERIFF both‚Ä¶  ,0
1190434621499985920,Caltrans8,2019-11-02 01:05:05,rivco  eb sr-91 east of adams st  in riverside  traffic collision blocking hov and #1 lane  unknown duration of clear  #caltrans8,"[{'text': 'Caltrans8', 'indices': [120, 130]}]",,official,RIVCO  EB SR-91 east of Adams St  in Riverside  Traffic collision blocking HOV and #1 lane  Unknown duration of clear  #Caltrans8,0
1190434132616040448,VCFD,2019-11-02 01:03:09,rt  foxla  live  officials provide update on #mariafire burning in ventura county  ,"[{'text': 'MariaFire', 'indices': [45, 55]}]",,official,RT  FOXLA  LIVE  Officials provide update on #MariaFire burning in Ventura County  ,0
1190431522639101952,CaltransDist6,2019-11-02 00:52:46,"bakersfield update  
- southbound 99 backed up approximately 7 miles with detours still in place 
- the northbound‚Ä¶  ",[],,official,"BAKERSFIELD Update  
- Southbound 99 backed up approximately 7 miles with detours still in place 
- The Northbound‚Ä¶  ",1
1190423029664251904,Caltrans8,2019-11-02 00:19:01,state route 74 raised curb median safety project  hemet  construction activities for week of november 4 2019  ,[],,official,State Route 74 Raised Curb Median Safety Project  Hemet  Construction Activities for Week of November 4 2019  ,0
1190418173331247104,CaltransD5,2019-11-01 23:59:44,sigalert  right slow lane of northbound #hwy17 near redwood estates is blocked by overturn van so use caution &amp  exp‚Ä¶  ,"[{'text': 'Hwy17', 'indices': [40, 46]}]",,official,SigAlert  right slow lane of northbound #Hwy17 near Redwood Estates is BLOCKED by overturn van so use caution &amp  exp‚Ä¶  ,1
1190417488686632961,CALFIRE_SLO,2019-11-01 23:57:00,hiker has possible dehydration symptoms and will be assisted down madonna mtn  by first responders ,[],,official,Hiker has possible dehydration symptoms and will be assisted down Madonna Mtn  by first responders ,0
1190415197485187072,CountyVentura,2019-11-01 23:47:54,link to mixteco video - video en mixteco   f√°tima pe√±a con el programa de recursos para trabajadores agr√≠colas del‚Ä¶  ,[],,official,Link to Mixteco Video - Video en mixteco   F√°tima Pe√±a con el Programa de Recursos para Trabajadores Agr√≠colas del‚Ä¶  ,0
1190415140354551808,CaltransDist10,2019-11-01 23:47:40,small business is big business  caltrans chief dep  dir  jim davis joins d10 dir  dan mcelhinney ca black chamber‚Ä¶  ,[],,official,Small Business is Big Business  Caltrans Chief Dep  Dir  Jim Davis joins D10 Dir  Dan McElhinney CA Black Chamber‚Ä¶  ,0
1190415038038757376,CALFIRE_SLO,2019-11-01 23:47:16,injured hiker being assisted down madonna mountain   slo city fire at scene also ,[],,official,Injured hiker being assisted down Madonna Mountain   SLO City Fire at scene also ,1
1190414404862402560,CountyVentura,2019-11-01 23:44:45,spanish message - mensaje en espa√±ol  israel v√°squez con el programa de recursos para trabajadores agr√≠colas del c‚Ä¶  ,[],,official,Spanish Message - Mensaje en Espa√±ol  Israel V√°squez con el Programa de Recursos para Trabajadores Agr√≠colas del C‚Ä¶  ,0
1190411965954318336,CaltransDist10,2019-11-01 23:35:04,"traffic alert- tuolumne county- state route 108

full closure of route 108 east of strawberry beginning monday nov‚Ä¶  ",[],,official,"Traffic Alert- Tuolumne County- State Route 108

Full closure of Route 108 east of Strawberry beginning Monday Nov‚Ä¶  ",1
1190409641353605121,CaltransDist3,2019-11-01 23:25:49,rt  nwssacramento  here is a look back at the high temperatures for sacramento this october   the average high for the month ended up being‚Ä¶,[],,official,RT  NWSSacramento  Here is a look back at the high temperatures for Sacramento this October   The average high for the month ended up being‚Ä¶,0
1190406979673632770,Caltrans8,2019-11-01 23:15:15,sr 243 is open to all traffic with no restrictions from i 10 to idyllwild  enjoy    #caltrans8,"[{'text': 'Caltrans8', 'indices': [84, 94]}]",,official,SR 243 is open to all traffic with no restrictions from I 10 to Idyllwild  Enjoy    #Caltrans8,0
1190394793517404160,CaltransHQ,2019-11-01 22:26:49,update  fire related state hwy  closures - fri  nov  1st   3 30 pm  please note conditions are subject to change ‚Ä¶  ,[],,official,UPDATE  Fire related State Hwy  Closures - Fri  Nov  1st   3 30 PM  Please note conditions are subject to change ‚Ä¶  ,1
1190390686287192065,CaltransDist3,2019-11-01 22:10:30,final  isleton bridge now open   ,[],,official,Final  Isleton Bridge now open   ,0
1190388686342385665,CALFIRELNU,2019-11-01 22:02:33,#kincadefire repopulation update for 3 00 pm  more here     ,"[{'text': 'kincadefire', 'indices': [0, 12]}]",,official,#kincadefire Repopulation Update for 3 00 PM  More Here     ,0
1190387989316194304,CaltransDist7,2019-11-01 21:59:47,"i-5 pavement rehab project in #santaclarita #castaic #la

here are the planned closures tonight  fri  night sat  mo‚Ä¶  ","[{'text': 'SantaClarita', 'indices': [30, 43]}, {'text': 'Castaic', 'indices': [44, 52]}, {'text': 'LA', 'indices': [53, 56]}]",,official,"I-5 Pavement Rehab Project in #SantaClarita #Castaic #LA

Here are the planned closures tonight  Fri  night Sat  mo‚Ä¶  ",1
